QUEENS,,,,,,FRANCIS LEWIS BOULEVARD,2021-11-22T00:00:00,40.769485,-73.79239,0,0,0,0,0,0,0,0,,UTOPIA PARKWAY,4480035,,,,,,11358
,Unspecified,Unspecified,,,,,2021-11-22T00:00:00,,,0,0,0,0,0,0,0,0,,VERRAZANO BRIDGE UPPER,4480530,Sedan,Pick-up Truck,,,,
BROOKLYN,Unspecified,,,,,MILLER AVENUE,2021-11-21T23:44:00,40.66545,-73.88939,0,0,2,0,0,0,2,0,,LIVONIA AVENUE,4479859,Sedan,,,,,11207
BROOKLYN,Driver Inattention/Distraction,,,,,,2021-11-21T23:40:00,40.678265,-73.89724,0,0,0,0,0,0,0,0,80        JAMAICA AVENUE,,4479845,Sedan,,,,,11207
,Driver Inattention/Distraction,Unspecified,,,,,2021-11-21T23:39:00,40.6628,-73.769585,0,0,0,0,0,0,0,0,,FARMERS BOULEVARD,4480403,Station Wagon/Sport Utility Vehicle,Sedan,,,,
BROOKLYN,Traffic Control Disregarded,Unspecified,,,,CYPRESS HILL STREET,2021-11-21T23:20:00,40.68856,-73.87572,0,0,0,0,0,0,0,0,,JAMAICA AVENUE,4479843,Sedan,Station Wagon/Sport Utility Vehicle,,,,11208
BRONX,Driver Inexperience,Unspecified,,,,,2021-11-21T23:15:00,40.832592,-73.863945,0,0,0,0,0,0,0,0,1854      WESTCHESTER AVENUE,,4480522,Sedan,Station Wagon/Sport Utility Vehicle,,,,10472
,Backing Unsafely,Unspecified,,,,,2021-11-21T23:11:00,40.822174,-73.95211,0,0,2,0,0,0,2,0,,WEST 139 STREET,4480160,Station Wagon/Sport Utility Vehicle,Station Wagon/Sport Utility Vehicle,,,,
MANHATTAN,Alcohol Involvement,Unspecified,,,,EAST 120 STREET,2021-11-21T23:02:00,40.798584,-73.93353,0,0,0,0,0,0,0,0,,1 AVENUE,4479914,Sedan,Taxi,,,,10035
BROOKLYN,Driver Inexperience,Unspecified,Unspecified,Unspecified,Unspecified,BUSHWICK AVENUE,2021-11-21T22:54:00,40.6828,-73.90638,0,0,0,0,0,0,0,0,,FURMAN AVENUE,4479955,Sedan,Station Wagon/Sport Utility Vehicle,Station Wagon/Sport Utility Vehicle,Station Wagon/Sport Utility Vehicle,Station Wagon/Sport Utility Vehicle,11207
,Following Too Closely,Unspecified,Unspecified,,,,2021-11-21T22:45:00,40.70719,-73.81873,0,0,0,0,0,0,0,0,,VAN WYCK EXPWY,4480091,Sedan,Station Wagon/Sport Utility Vehicle,Station Wagon/Sport Utility Vehicle,,,
,Reaction to Uninvolved Vehicle,Unspecified,,,,,2021-11-21T22:40:00,40.841187,-73.93215,0,0,1,0,0,0,1,0,,HARLEM RIVER DRIVE,4480198,Station Wagon/Sport Utility Vehicle,Station Wagon/Sport Utility Vehicle,,,,
QUEENS,Failure to Yield Right-of-Way,Unspecified,,,,LEFFERTS BOULEVARD,2021-11-21T22:31:00,40.68795,-73.82502,0,0,2,0,0,0,2,0,,103 AVENUE,4479695,Sedan,Sedan,,,,11419
QUEENS,Unspecified,,,,,64 STREET,2021-11-21T22:30:00,40.705734,-73.89449,0,0,0,0,0,0,0,0,,68 AVENUE,4480622,Sedan,,,,,11385
,Other Vehicular,Unspecified,Unspecified,,,,2021-11-21T22:20:00,40.81457,-73.931,0,0,1,0,0,0,1,0,,MAJOR DEEGAN EXPRESSWAY,4479794,Sedan,,,,,
,Unspecified,Unspecified,,,,ROOSEVELT AVENUE,2021-11-21T22:20:00,40.748955,-73.87136,0,0,0,0,0,0,0,0,,95 STREET,4479685,Station Wagon/Sport Utility Vehicle,Station Wagon/Sport Utility Vehicle,,,,
,Following Too Closely,Unspecified,,,,ROUTE 9 EXTENSION WEST,2021-11-21T22:20:00,,,0,0,1,0,0,0,1,0,,HEMPSTEAD TURNPIKE,4479699,Sedan,Station Wagon/Sport Utility Vehicle,,,,
QUEENS,Unsafe Speed,Unspecified,,,,METROPOLITAN AVENUE,2021-11-21T21:40:00,40.707954,-73.83715,0,0,0,0,0,0,0,0,,PARK LANE SOUTH,4479717,Sedan,Motorcycle,,,,11418
,Driver Inattention/Distraction,Unspecified,Unspecified,Unspecified,Unspecified,,2021-11-21T21:27:00,40.58327,-73.96006,0,0,0,0,0,0,0,0,,CONEY ISLAND AVENUE,4479898,Station Wagon/Sport Utility Vehicle,Station Wagon/Sport Utility Vehicle,Sedan,Sedan,,
QUEENS,Unsafe Speed,Unspecified,,,,113 STREET,2021-11-21T21:25:00,40.692646,-73.83302,0,0,0,0,0,0,0,0,,ATLANTIC AVENUE,4479714,Sedan,Sedan,,,,11419
QUEENS,Driver Inattention/Distraction,Driver Inattention/Distraction,,,,68 STREET,2021-11-21T21:24:00,40.757847,-73.89922,0,0,0,0,0,0,1,0,,31 AVENUE,4480318,Station Wagon/Sport Utility Vehicle,E-Bike,,,,11377
QUEENS,Unspecified,Unspecified,,,,,2021-11-21T21:20:00,40.748165,-73.868835,0,0,0,0,0,0,0,0,40-42     JUNCTION BOULEVARD,,4479729,Sedan,Station Wagon/Sport Utility Vehicle,,,,11368
,Unsafe Speed,Unspecified,,,,,2021-11-21T21:15:00,40.68378,-73.789734,0,0,0,0,0,0,0,0,,155 STREET,4479673,Station Wagon/Sport Utility Vehicle,,,,,
BROOKLYN,Unspecified,Unspecified,,,,,2021-11-21T21:09:00,40.616837,-73.948586,0,0,0,0,0,0,0,0,2621      AVENUE N,,4479817,Station Wagon/Sport Utility Vehicle,,,,,11210
BROOKLYN,Lost Consciousness,Unspecified,Unspecified,,,FLATLANDS AVENUE,2021-11-21T21:06:00,40.62682,-73.92671,0,0,0,0,0,0,0,0,,EAST 51 STREET,4479703,Station Wagon/Sport Utility Vehicle,Sedan,Sedan,,,11234
,Pedestrian/Bicyclist/Other Pedestrian Error/Confusion,Passing or Lane Usage Improper,,,,,2021-11-21T20:55:00,40.821484,-73.94855,1,0,0,0,0,0,1,0,,CONVENT AVENUE,4479713,Taxi,E-Bike,,,,
BROOKLYN,Unspecified,,,,,,2021-11-21T20:51:00,40.696774,-73.97359,0,0,0,0,0,0,0,0,42        CARLTON AVENUE,,4479697,Sedan,,,,,11205
,Following Too Closely,Unspecified,,,,,2021-11-21T20:40:00,40.683094,-73.80596,0,0,0,0,0,0,0,0,,VAN WYCK EXPWY,4479672,Sedan,Sedan,,,,
BROOKLYN,Turning Improperly,Other Vehicular,,,,,2021-11-21T20:40:00,40.679333,-73.89014,0,0,0,0,0,0,0,0,79        SCHENCK AVENUE,,4479858,Station Wagon/Sport Utility Vehicle,Station Wagon/Sport Utility Vehicle,,,,11207
BRONX,Unsafe Lane Changing,Following Too Closely,,,,W Fordham road,2021-11-21T20:39:00,,,0,0,1,0,0,0,1,0,,Major Deegan expressway,4479927,Sedan,Sedan,,,,10453
,Unspecified,,,,,,2021-11-21T20:30:00,40.685497,-73.91771,0,0,0,0,0,0,0,0,,SARATOGA AVENUE,4480649,Station Wagon/Sport Utility Vehicle,,,,,
,Following Too Closely,Unspecified,,,,,2021-11-21T20:30:00,,,0,0,1,0,0,0,1,0,,BELT PARKWAY,4479664,Station Wagon/Sport Utility Vehicle,Pick-up Truck,,,,
,Following Too Closely,Unspecified,Unspecified,,,LINDEN BOULEVARD,2021-11-21T20:30:00,,,0,0,0,0,0,0,0,0,,SOUTH CONDUIT AVENUE,4479683,Sedan,Station Wagon/Sport Utility Vehicle,Station Wagon/Sport Utility Vehicle,,,
STATEN ISLAND,Failure to Yield Right-of-Way,,,,,AMBOY ROAD,2021-11-21T20:20:00,40.54996,-74.15085,0,0,0,0,1,0,1,0,,NELSON AVENUE,4479704,Station Wagon/Sport Utility Vehicle,,,,,10308
STATEN ISLAND,Driver Inattention/Distraction,Unspecified,,,,,2021-11-21T20:20:00,40.633244,-74.095184,0,0,0,0,0,0,0,0,380       CASTLETON AVENUE,,4479684,Station Wagon/Sport Utility Vehicle,Sedan,,,,10301
QUEENS,Driver Inattention/Distraction,Unspecified,,,,,2021-11-21T20:19:00,40.748444,-73.938736,0,0,0,0,0,0,0,0,28-07     JACKSON AVENUE,,4479705,Sedan,,,,,11101
BROOKLYN,Unspecified,Unspecified,,,,EAST 26 STREET,2021-11-21T20:16:00,40.640705,-73.952385,0,0,2,0,0,0,2,0,,AVENUE D,4479738,Station Wagon/Sport Utility Vehicle,Station Wagon/Sport Utility Vehicle,,,,11226
,Unspecified,Unspecified,,,,SKILLMAN AVENUE,2021-11-21T20:08:00,40.744167,-73.91248,0,0,1,0,0,0,1,0,,52 STREET,4479921,Sedan,Sedan,,,,
BRONX,Other Vehicular,Unsafe Lane Changing,,,,MORRIS AVENUE,2021-11-21T19:57:00,,,0,0,0,0,0,0,0,0,,165 street,4480090,Sedan,Station Wagon/Sport Utility Vehicle,,,,10456
,Following Too Closely,Unspecified,,,,,2021-11-21T19:51:00,40.610146,-74.15127,0,0,0,0,0,0,0,0,,STATEN ISLAND EXPRESSWAY,4480455,Station Wagon/Sport Utility Vehicle,Sedan,,,,
BROOKLYN,Failure to Yield Right-of-Way,Unspecified,,,,FOSTER AVENUE,2021-11-21T19:50:00,40.64024,-73.91947,0,0,0,0,0,0,0,0,,RALPH AVENUE,4479696,Station Wagon/Sport Utility Vehicle,,,,,11236
,Driver Inattention/Distraction,,,,,,2021-11-21T19:48:00,40.810318,-73.943634,0,0,0,0,1,0,1,0,,LENOX AVENUE,4479647,Sedan,,,,,
BRONX,Driver Inattention/Distraction,Unspecified,,,,,2021-11-21T19:30:00,40.85579,-73.881,0,0,0,0,0,0,0,0,2475      SOUTHERN BOULEVARD,,4479870,Station Wagon/Sport Utility Vehicle,,,,,10458
BRONX,Driver Inattention/Distraction,Driver Inattention/Distraction,,,,EAST 226 STREET,2021-11-21T19:30:00,40.88851,-73.86009,0,0,0,0,0,0,0,0,,WHITE PLAINS ROAD,4479791,Sedan,Sedan,,,,10466
,Unsafe Lane Changing,Unspecified,Unspecified,,,,2021-11-21T19:20:00,40.66484,-73.82229,0,0,1,0,0,0,1,0,,BELT PARKWAY,4479658,Sedan,Sedan,Sedan,,,
,Following Too Closely,Unspecified,,,,,2021-11-21T19:10:00,,,0,0,0,0,0,0,0,0,,G.C.P / L.I.E. (CDR),4479725,Sedan,Taxi,,,,
MANHATTAN,Passing or Lane Usage Improper,Unspecified,,,,3 AVENUE,2021-11-21T19:00:00,40.74701,-73.977196,0,0,0,0,0,0,0,0,,EAST 36 STREET,4479887,Taxi,Sedan,,,,10016
,Unsafe Lane Changing,Unspecified,,,,,2021-11-21T18:59:00,40.614246,-74.15379,0,0,0,0,0,0,0,0,,MARTIN LUTHER KING JR,4480458,Sedan,Sedan,,,,
,,,,,,,2021-11-21T18:50:00,40.700245,-73.92089,0,0,1,0,0,0,1,0,,KNICKERBOCKER AVENUE,4479651,,,,,,
BROOKLYN,Unspecified,,,,,BUSHWICK AVENUE,2021-11-21T18:50:00,40.7091,-73.94009,0,0,0,0,0,0,1,0,,SCHOLES STREET,4479602,E-Scooter,,,,,11206
QUEENS,Passing or Lane Usage Improper,Passing or Lane Usage Improper,,,,BELT PARKWAY,2021-11-21T18:50:00,,,0,0,0,0,0,0,0,0,,VAN WYCK EXPRESSWAY,4479679,Sedan,Sedan,,,,11430
BRONX,Unspecified,,,,,,2021-11-21T18:40:00,40.906517,-73.8516,0,0,1,0,0,0,1,0,4803      CARPENTER AVENUE,,4479655,Station Wagon/Sport Utility Vehicle,,,,,10470
BROOKLYN,Traffic Control Disregarded,Unspecified,,,,GLENWOOD ROAD,2021-11-21T18:36:00,40.645134,-73.90232,0,0,1,0,0,0,1,0,,ROCKAWAY PARKWAY,4480036,Station Wagon/Sport Utility Vehicle,Station Wagon/Sport Utility Vehicle,,,,11236
QUEENS,Failure to Yield Right-of-Way,Unspecified,,,,,2021-11-21T18:33:00,40.746235,-73.71862,0,0,1,0,0,0,1,0,74-15     LITTLE NECK PARKWAY,,4479700,Sedan,Sedan,,,,11004
BROOKLYN,Driver Inattention/Distraction,,,,,,2021-11-21T18:31:00,0,0,0,0,0,0,1,0,1,0,1710      AVENUE Y,,4479750,Taxi,,,,,11235
,Passing Too Closely,Unspecified,,,,,2021-11-21T18:30:00,40.69953,-73.91104,0,0,0,0,0,0,0,0,,PALMETTO STREET,4479652,Sedan,Sedan,,,,
MANHATTAN,Traffic Control Disregarded,Traffic Control Disregarded,,,,WEST 92 STREET,2021-11-21T18:21:00,40.79209,-73.973656,0,0,1,0,0,0,1,0,,BROADWAY,4479633,Sedan,Sedan,,,,10025
BRONX,Passing or Lane Usage Improper,Unspecified,,,,CASTLE HILL AVENUE,2021-11-21T18:20:00,40.83029,-73.850655,0,0,0,0,0,0,0,0,,CROSS BRONX EXPRESSWAY,4480521,Station Wagon/Sport Utility Vehicle,,,,,10462
,Brakes Defective,Unspecified,,,,,2021-11-21T18:18:00,40.60485,-74.02559,0,0,0,0,0,0,0,0,,BELT PARKWAY,4479657,Station Wagon/Sport Utility Vehicle,Sedan,,,,
,Following Too Closely,Unspecified,,,,,2021-11-21T18:10:00,40.726814,-73.83846,0,0,1,0,0,0,1,0,,GRAND CENTRAL PKWY,4479965,Sedan,,,,,
BROOKLYN,Driver Inexperience,,,,,WILSON AVENUE,2021-11-21T18:10:00,40.698452,-73.92176,0,0,0,0,1,0,1,0,,MYRTLE AVENUE,4479618,Station Wagon/Sport Utility Vehicle,,,,,11221
MANHATTAN,Other Vehicular,Following Too Closely,,,,MADISON AVENUE,2021-11-21T18:10:00,40.763588,-73.97142,0,0,0,0,0,0,1,0,,EAST 59 STREET,4480109,E-Scooter,Station Wagon/Sport Utility Vehicle,,,,10022
BRONX,Driver Inattention/Distraction,Unspecified,,,,,2021-11-21T18:00:00,40.840378,-73.89846,0,0,0,0,0,0,0,0,1691      FULTON AVENUE,,4480209,Sedan,,,,,10457
,Driver Inattention/Distraction,Other Vehicular,,,,,2021-11-21T17:50:00,40.672413,-73.957344,0,0,0,0,0,0,0,0,,FRANKLIN AVENUE,4479668,Bus,Station Wagon/Sport Utility Vehicle,,,,
,Driver Inattention/Distraction,Driver Inattention/Distraction,,,,,2021-11-21T17:50:00,40.86607,-73.89439,0,0,0,0,0,0,0,0,,EAST KINGSBRIDGE ROAD,4479925,Bus,Station Wagon/Sport Utility Vehicle,,,,
BROOKLYN,Other Vehicular,Other Vehicular,,,,7 AVENUE,2021-11-21T17:25:00,40.659817,-73.98785,0,0,1,0,0,0,1,0,,19 STREET,4480044,Sedan,Sedan,,,,11215
QUEENS,Driver Inattention/Distraction,Unspecified,,,,BROADWAY,2021-11-21T17:05:00,40.748993,-73.89687,0,0,0,0,0,0,0,0,,69 STREET,4479630,Station Wagon/Sport Utility Vehicle,Pick-up Truck,,,,11377
BROOKLYN,Driver Inattention/Distraction,Unspecified,,,,,2021-11-21T17:00:00,40.672832,-73.96908,1,0,0,0,0,0,1,0,10        GRAND ARMY PLAZA,,4479762,Station Wagon/Sport Utility Vehicle,Bike,,,,11238
BROOKLYN,Unspecified,,,,,,2021-11-21T16:56:00,40.656067,-73.908745,0,0,0,0,0,0,0,0,89        HEGEMAN AVENUE,,4479826,Sedan,Sedan,,,,11212
,Unspecified,Unspecified,,,,,2021-11-21T16:50:00,,,0,0,0,0,0,0,0,0,,WILLIS AVE BRIDGE,4479786,Sedan,Sedan,,,,
BROOKLYN,Driver Inattention/Distraction,,,,,,2021-11-21T16:38:00,40.68865,-73.929375,0,0,0,0,0,0,0,0,864       GATES AVENUE,,4480358,Sedan,,,,,11221
BROOKLYN,Unspecified,Unspecified,,,,,2021-11-21T16:35:00,40.609947,-73.92227,0,0,0,0,0,0,0,0,5100      AVENUE U,,4479702,Station Wagon/Sport Utility Vehicle,Bus,,,,11234
QUEENS,Driver Inattention/Distraction,Unspecified,Unspecified,Unspecified,,216 STREET,2021-11-21T16:29:00,40.762093,-73.76607,0,0,0,0,0,0,0,0,,43 AVENUE,4479966,Sedan,Sedan,Station Wagon/Sport Utility Vehicle,Sedan,,11361
QUEENS,Unspecified,Unspecified,Unspecified,,,60 AVENUE,2021-11-21T16:20:00,40.72325,-73.888824,0,0,0,0,0,0,0,0,,71 STREET,4479671,Station Wagon/Sport Utility Vehicle,Sedan,Station Wagon/Sport Utility Vehicle,,,11378
,Unspecified,,,,,,2021-11-21T16:15:00,40.651325,-73.93906,0,0,0,0,1,0,1,0,,ALBANY AVENUE,4479782,Sedan,,,,,
,Driver Inexperience,Passing Too Closely,Unspecified,,,,2021-11-21T16:10:00,40.68879,-73.91691,0,0,0,0,0,0,0,0,,CORNELIA STREET,4479653,Station Wagon/Sport Utility Vehicle,Sedan,Station Wagon/Sport Utility Vehicle,,,
QUEENS,Driver Inattention/Distraction,Unspecified,,,,BELL BOULEVARD,2021-11-21T16:10:00,40.760284,-73.769356,0,0,0,0,0,0,0,0,,NORTHERN BOULEVARD,4479586,Station Wagon/Sport Utility Vehicle,Sedan,,,,11361
QUEENS,Alcohol Involvement,Unspecified,,,,FOCH BOULEVARD,2021-11-21T15:57:00,40.679615,-73.79642,0,0,0,0,0,0,0,0,,145 STREET,4480612,Sedan,Station Wagon/Sport Utility Vehicle,,,,11436
BROOKLYN,Pedestrian/Bicyclist/Other Pedestrian Error/Confusion,Unspecified,,,,53 STREET,2021-11-21T15:41:00,40.631454,-73.992256,0,0,0,0,0,0,0,0,,14 AVENUE,4479773,Bus,Bus,,,,11219
,Unsafe Lane Changing,Unspecified,,,,,2021-11-21T15:37:00,,,0,0,0,0,0,0,0,0,,ALEXANDER HAMILTON BRIDGE,4480188,Station Wagon/Sport Utility Vehicle,,,,,
,Outside Car Distraction,Aggressive Driving/Road Rage,Unspecified,Unspecified,,LINDEN PLACE,2021-11-21T15:34:00,,,0,0,1,0,0,0,1,0,,WHITESTONE EXPRESSWAY,4480034,Sedan,Sedan,Station Wagon/Sport Utility Vehicle,Sedan,,
QUEENS,Unspecified,,,,,82 AVENUE,2021-11-21T15:33:00,40.70295,-73.858536,0,0,0,0,0,0,0,0,,MYRTLE AVENUE,4479669,Station Wagon/Sport Utility Vehicle,,,,,11385
MANHATTAN,Driver Inattention/Distraction,Unspecified,,,,KING STREET,2021-11-21T15:24:00,40.727665,-74.00318,0,0,0,0,0,0,0,0,,AVENUE OF THE AMERICAS,4480294,Station Wagon/Sport Utility Vehicle,Motorcycle,,,,10014
BROOKLYN,Passing or Lane Usage Improper,Unspecified,,,,,2021-11-21T15:15:00,40.665634,-73.93898,0,0,0,0,0,0,1,0,580       CROWN STREET,,4479595,Sedan,E-Bike,,,,11213
BRONX,Passing or Lane Usage Improper,Unspecified,,,,EAST 163 STREET,2021-11-21T15:00:00,40.824066,-73.908714,0,0,0,0,0,0,1,0,,3 AVENUE,4479949,Station Wagon/Sport Utility Vehicle,E-Scooter,,,,10456
,Following Too Closely,Unspecified,Unspecified,,,,2021-11-21T15:00:00,,,0,0,0,0,0,0,0,0,,VERRAZANO BRIDGE UPPER,4480475,Station Wagon/Sport Utility Vehicle,Station Wagon/Sport Utility Vehicle,,,,
,Following Too Closely,Unspecified,Unspecified,,,,2021-11-21T15:00:00,40.71135,-73.96143,0,0,0,0,0,0,0,0,,SOUTH 4 STREET,4479594,Station Wagon/Sport Utility Vehicle,Station Wagon/Sport Utility Vehicle,Station Wagon/Sport Utility Vehicle,,,
QUEENS,Aggressive Driving/Road Rage,Unspecified,,,,,2021-11-21T15:00:00,40.7557,-73.86243,0,0,0,0,0,0,0,0,34-35     106 STREET,,4480720,Station Wagon/Sport Utility Vehicle,Station Wagon/Sport Utility Vehicle,,,,11368
BRONX,Unspecified,Unspecified,,,,WALTON AVENUE,2021-11-21T14:57:00,40.81881,-73.92828,0,0,1,0,0,0,1,0,,EAST 149 STREET,4479790,Sedan,Motorcycle,,,,10451
BRONX,Failure to Yield Right-of-Way,,,,,EAST 181 STREET,2021-11-21T14:55:00,40.855785,-73.90558,0,0,0,0,1,0,1,0,,JEROME AVENUE,4479896,,,,,,10453
MANHATTAN,Backing Unsafely,Unspecified,,,,,2021-11-21T14:55:00,40.865887,-73.91791,0,0,0,0,0,0,0,0,3912      10 AVENUE,,4479597,Station Wagon/Sport Utility Vehicle,UNKNOWN,,,,10034
,Driver Inattention/Distraction,,,,,ASH STREET,2021-11-21T14:50:00,40.73822,-73.95316,0,0,1,0,0,0,1,0,,MC GUINNESS BOULEVARD,4480785,Motorcycle,,,,,
BRONX,Driver Inattention/Distraction,,,,,VANNEST AVENUE,2021-11-21T14:45:00,40.841175,-73.8701,0,0,1,0,0,0,1,0,,VANBUREN STREET,4480568,Sedan,,,,,10460
QUEENS,Driver Inattention/Distraction,Unspecified,,,,,2021-11-21T14:45:00,40.73859,-73.849106,0,0,0,0,0,0,0,0,110-35    HORACE HARDING EXPRESSWAY,,4479578,Sedan,Taxi,,,,11368
BRONX,Unspecified,Unspecified,,,,EAST 150 STREET,2021-11-21T14:45:00,40.816555,-73.91677,0,0,0,0,0,0,0,0,,3 AVENUE,4480086,Station Wagon/Sport Utility Vehicle,Station Wagon/Sport Utility Vehicle,,,,10455
BROOKLYN,Other Vehicular,Unspecified,Unspecified,Unspecified,Unspecified,HALSEY STREET,2021-11-21T14:38:00,40.68488,-73.92311,0,0,0,0,0,0,0,0,,RALPH AVENUE,4479580,Sedan,Sedan,Sedan,Sedan,Station Wagon/Sport Utility Vehicle,11233
,Reaction to Uninvolved Vehicle,Following Too Closely,,,,,2021-11-21T14:38:00,,,0,0,0,0,0,0,0,0,,BROOKLYN QUEENS EXPY (CDR),4479589,Station Wagon/Sport Utility Vehicle,Station Wagon/Sport Utility Vehicle,,,,
BRONX,Other Vehicular,Other Vehicular,,,,CAMBRELENG AVENUE,2021-11-21T14:32:00,40.855385,-73.88468,0,0,0,0,0,0,0,0,,EAST 188 STREET,4479813,Station Wagon/Sport Utility Vehicle,Station Wagon/Sport Utility Vehicle,,,,10458
,Unspecified,Unspecified,,,,,2021-11-21T14:30:00,40.639553,-73.93299,0,0,0,0,0,0,0,0,,FOSTER AVENUE,4479591,Station Wagon/Sport Utility Vehicle,,,,,
,Driver Inattention/Distraction,Driver Inattention/Distraction,,,,LAMBERTS LANE,2021-11-21T14:30:00,40.614685,-74.15805,0,0,0,0,0,0,0,0,,RICHMOND AVENUE,4479880,Sedan,Sedan,,,,
QUEENS,Driver Inattention/Distraction,Driver Inattention/Distraction,Unspecified,Unspecified,Unspecified,,2021-11-21T14:30:00,40.782207,-73.91155,0,0,4,0,0,0,4,0,20-16     24 STREET,,4479732,Station Wagon/Sport Utility Vehicle,Station Wagon/Sport Utility Vehicle,Station Wagon/Sport Utility Vehicle,Station Wagon/Sport Utility Vehicle,Sedan,11105
QUEENS,Driver Inattention/Distraction,Unspecified,Unspecified,,,CHRISTIE AVENUE,2021-11-21T14:30:00,40.74069,-73.86353,0,0,0,0,0,0,0,0,,98 STREET,4479524,Station Wagon/Sport Utility Vehicle,Station Wagon/Sport Utility Vehicle,Station Wagon/Sport Utility Vehicle,,,11368
BRONX,Unspecified,,,,,MULFORD AVENUE,2021-11-21T14:25:00,40.84444,-73.83559,0,0,0,0,0,0,0,0,,WESTCHESTER AVENUE,4479815,Station Wagon/Sport Utility Vehicle,,,,,10461
QUEENS,Passing or Lane Usage Improper,Unspecified,Unspecified,,,BREWER BOULEVARD,2021-11-21T14:22:00,40.671825,-73.774506,0,0,0,0,0,0,0,0,,137 AVENUE,4479670,Sedan,Station Wagon/Sport Utility Vehicle,,,,11434
BROOKLYN,Unspecified,Unspecified,,,,FOSTER AVENUE,2021-11-21T14:15:00,40.63804,-73.95484,0,0,0,0,0,0,0,0,,EAST 24 STREET,4479621,Station Wagon/Sport Utility Vehicle,,,,,11210
QUEENS,Unspecified,,,,,21 STREET,2021-11-21T14:03:00,40.77164,-73.926414,0,0,0,0,0,0,0,0,,27 ROAD,4479731,Sedan,,,,,11102
BRONX,Failure to Yield Right-of-Way,Unspecified,,,,SAINT JOHN AVENUE,2021-11-21T14:02:00,40.81449,-73.90223,0,0,3,0,0,0,3,0,,BECK STREET,4479640,Sedan,Station Wagon/Sport Utility Vehicle,,,,10455
,Unspecified,,,,,CROFT PLACE,2021-11-21T14:00:00,40.605305,-74.162224,0,0,0,0,0,0,0,0,,RICHMOND AVENUE,4479482,Station Wagon/Sport Utility Vehicle,,,,,
QUEENS,Unspecified,,,,,,2021-11-21T14:00:00,40.76372,-73.87955,0,0,0,0,0,0,0,0,89-18     ASTORIA BOULEVARD,,4480788,Sedan,,,,,11369
BRONX,Following Too Closely,Unspecified,,,,EAST 178 STREET,2021-11-21T14:00:00,40.84921,-73.90011,0,0,0,0,0,0,0,0,,WEBSTER AVENUE,4479894,Sedan,Station Wagon/Sport Utility Vehicle,,,,10457
,Passing or Lane Usage Improper,Unspecified,,,,,2021-11-21T13:57:00,40.638878,-74.00605,0,0,0,0,0,0,0,0,,8 AVENUE,4479936,Station Wagon/Sport Utility Vehicle,,,,,
BRONX,Following Too Closely,Unspecified,,,,EAST FORDHAM ROAD,2021-11-21T13:57:00,40.85713,-73.8808,0,0,1,0,0,0,1,0,,SOUTHERN BOULEVARD,4480766,Station Wagon/Sport Utility Vehicle,Taxi,,,,10458
MANHATTAN,Backing Unsafely,Unspecified,,,,11 AVENUE,2021-11-21T13:57:00,40.763374,-73.99647,0,0,0,0,0,0,0,0,,WEST 46 STREET,4480105,Station Wagon/Sport Utility Vehicle,Sedan,,,,10036
,Unspecified,,,,,,2021-11-21T13:55:00,40.876606,-73.89959,0,0,0,0,0,0,0,0,,PEROT STREET,4480158,Station Wagon/Sport Utility Vehicle,,,,,
BRONX,Unsafe Lane Changing,Unspecified,,,,EAST FORDHAM ROAD,2021-11-21T13:54:00,40.8617,-73.89139,0,0,0,0,0,0,0,0,,WEBSTER AVENUE,4479929,Sedan,,,,,10458
,Failure to Yield Right-of-Way,Unspecified,,,,,2021-11-21T13:52:00,40.73235,-73.984955,1,0,0,0,0,0,1,0,,2 AVENUE,4480047,Sedan,Bike,,,,
BRONX,Turning Improperly,,,,,SHERMAN AVENUE,2021-11-21T13:50:00,40.826153,-73.920265,0,0,1,0,0,0,1,0,,EAST 161 STREET,4480110,Sedan,,,,,10451
BROOKLYN,Unspecified,Unspecified,,,,EAST 10 STREET,2021-11-21T13:50:00,40.60988,-73.96338,0,0,1,0,0,0,1,0,,AVENUE P,4480891,Sedan,Sedan,,,,11223
BRONX,Unspecified,Unspecified,,,,,2021-11-21T13:45:00,40.833633,-73.81725,0,0,0,0,0,0,0,0,926       DEAN AVENUE,,4479820,Bus,Pick-up Truck,,,,10465
,Driver Inattention/Distraction,Unspecified,Unspecified,,,,2021-11-21T13:45:00,40.702564,-73.790565,0,0,0,0,0,0,0,0,,LIBERTY AVENUE,4479691,Station Wagon/Sport Utility Vehicle,Station Wagon/Sport Utility Vehicle,Sedan,,,
MANHATTAN,Driver Inexperience,Unspecified,,,,,2021-11-21T13:40:00,40.763245,-73.98059,0,0,2,0,0,0,2,0,151       WEST 54 STREET,,4480106,Sedan,Pick-up Truck,,,,10019
,Reaction to Uninvolved Vehicle,Unspecified,,,,,2021-11-21T13:35:00,40.769222,-73.967316,0,0,1,0,0,0,1,0,,MADISON AVENUE,4479748,Station Wagon/Sport Utility Vehicle,Motorscooter,,,,
BROOKLYN,Unspecified,Unspecified,,,,TILDEN AVENUE,2021-11-21T13:30:00,40.647114,-73.94338,0,0,0,0,0,0,0,0,,BROOKLYN AVENUE,4480202,Station Wagon/Sport Utility Vehicle,,,,,11203
BRONX,Driver Inattention/Distraction,Unspecified,,,,,2021-11-21T13:30:00,40.82218,-73.8777,0,0,1,0,0,0,1,0,919       ELDER AVENUE,,4480534,Station Wagon/Sport Utility Vehicle,Station Wagon/Sport Utility Vehicle,,,,10473
,Driver Inattention/Distraction,Unspecified,,,,WEST 174 STREET,2021-11-21T13:25:00,40.84731,-73.9149,0,0,0,0,0,0,0,0,,GRAND AVENUE,4479889,Station Wagon/Sport Utility Vehicle,,,,,
BROOKLYN,Unspecified,Unspecified,,,,10 AVENUE,2021-11-21T13:25:00,40.659863,-73.97752,0,0,0,0,0,0,0,0,,PROSPECT PARK SOUTHWEST,4479590,Sedan,Sedan,,,,11215
,Failure to Yield Right-of-Way,,,,,,2021-11-21T13:00:00,40.84442,-73.92505,0,0,0,0,1,0,1,0,,UNDERCLIFF AVENUE,4480551,Sedan,,,,,
,Backing Unsafely,Unspecified,,,,,2021-11-21T13:00:00,40.672016,-73.94086,0,0,0,0,0,0,0,0,,STERLING PLACE,4479613,Sedan,Station Wagon/Sport Utility Vehicle,,,,
BRONX,Driver Inattention/Distraction,Unspecified,,,,,2021-11-21T12:54:00,40.88891,-73.84213,0,0,1,0,0,0,1,0,3916      BAYCHESTER AVENUE,,4479565,Sedan,Station Wagon/Sport Utility Vehicle,,,,10466
,Unspecified,Unspecified,,,,,2021-11-21T12:46:00,40.823772,-73.87245,0,0,0,0,0,0,0,0,,BRONX RIVER PARKWAY,4479489,PK,Station Wagon/Sport Utility Vehicle,,,,
BROOKLYN,Following Too Closely,Unspecified,,,,,2021-11-21T12:32:00,40.6754,-73.9887,0,0,0,0,0,0,0,0,214       3 STREET,,4479764,Station Wagon/Sport Utility Vehicle,Sedan,,,,11215
QUEENS,Driver Inattention/Distraction,Unspecified,,,,,2021-11-21T12:30:00,40.69095,-73.794624,0,0,0,0,0,0,0,0,155-11    110 AVENUE,,4479686,Station Wagon/Sport Utility Vehicle,,,,,11433
QUEENS,Physical Disability,Unspecified,Unspecified,,,,2021-11-21T12:30:00,40.78167,-73.83075,0,0,1,0,0,0,1,0,137-05    20 AVENUE,,4479534,Station Wagon/Sport Utility Vehicle,Station Wagon/Sport Utility Vehicle,Station Wagon/Sport Utility Vehicle,,,11356
BROOKLYN,Failure to Yield Right-of-Way,Unsafe Speed,,,,NEW LOTS AVENUE,2021-11-21T12:16:00,40.659832,-73.897606,0,0,2,0,0,0,2,0,,HINSDALE STREET,4479979,Station Wagon/Sport Utility Vehicle,Station Wagon/Sport Utility Vehicle,,,,11207
BROOKLYN,Driver Inattention/Distraction,,,,,ATLANTIC AVENUE,2021-11-21T12:15:00,40.677414,-73.93033,0,0,0,0,2,0,2,0,,UTICA AVENUE,4479583,Station Wagon/Sport Utility Vehicle,,,,,11213
QUEENS,Unspecified,Unspecified,,,,BEACH 12 STREET,2021-11-21T12:15:00,40.611145,-73.7485,0,0,0,0,0,0,1,0,,REDFERN AVENUE,4480537,E-Bike,Pick-up Truck,,,,11691
,Aggressive Driving/Road Rage,Unspecified,,,,,2021-11-21T12:00:00,40.85232,-73.93878,0,0,0,0,0,0,0,0,,PINEHURST AVENUE,4480220,Sedan,,,,,
BRONX,Unspecified,,,,,,2021-11-21T12:00:00,40.886333,-73.847885,0,0,0,0,0,0,0,0,4034      LACONIA AVENUE,,4479548,Sedan,,,,,10466
MANHATTAN,Unspecified,Unspecified,,,,,2021-11-21T11:43:00,40.705772,-74.00887,0,0,0,0,0,0,0,0,63        WALL STREET,,4479810,Box Truck,Station Wagon/Sport Utility Vehicle,,,,10005
QUEENS,Unspecified,,,,,ASTORIA BOULEVARD,2021-11-21T11:30:00,,,0,0,0,0,0,0,0,0,,111 STREET,4480716,Sedan,,,,,11369
BROOKLYN,Unspecified,,,,,BRIGHTON 11 STREET,2021-11-21T11:30:00,40.57812,-73.95902,0,0,0,0,0,0,0,0,,BRIGHTON BEACH AVENUE,4479897,Sedan,,,,,11235
MANHATTAN,Backing Unsafely,Unspecified,,,,,2021-11-21T11:30:00,40.794594,-73.932106,0,0,0,0,0,0,0,0,545       EAST 116 STREET,,4479740,Sedan,,,,,10029
,Following Too Closely,Unspecified,,,,,2021-11-21T11:27:00,40.78757,-73.815315,0,0,1,0,0,0,1,0,,CROSS ISLAND PARKWAY,4479536,Station Wagon/Sport Utility Vehicle,Sedan,,,,
,Passing or Lane Usage Improper,Unsafe Lane Changing,,,,,2021-11-21T11:20:00,40.821106,-73.93575,0,0,0,0,0,0,0,0,,WEST 146 STREET,4480476,Station Wagon/Sport Utility Vehicle,Sedan,,,,
BROOKLYN,Backing Unsafely,Unspecified,,,,,2021-11-21T11:20:00,40.59505,-73.9794,0,0,0,0,0,0,0,0,70        LAKE PLACE,,4480490,Station Wagon/Sport Utility Vehicle,Station Wagon/Sport Utility Vehicle,,,,11223
,Passing or Lane Usage Improper,Unspecified,,,,STILLWELL AVENUE,2021-11-21T11:16:00,,,0,0,0,0,0,0,0,0,,PELHAM PARKWAY SOUTH,4479529,Sedan,,,,,
BROOKLYN,Unspecified,,,,,,2021-11-21T11:00:00,40.682465,-73.89249,0,0,0,0,0,0,0,0,256       HIGHLAND BOULEVARD,,4479839,Sedan,,,,,11207
BRONX,Unspecified,Unspecified,,,,BROOK AVENUE,2021-11-21T10:55:00,40.807552,-73.91922,0,0,0,0,0,0,0,0,,EAST 138 STREET,4479804,Sedan,Bike,,,,10454
,Unspecified,Unspecified,Unspecified,Unspecified,Unspecified,,2021-11-21T10:55:00,40.582726,-73.97321,0,0,0,0,0,0,0,0,,SHORE PARKWAY,4479902,Sedan,Sedan,Sedan,Sedan,Sedan,
QUEENS,Driver Inattention/Distraction,Unspecified,,,,23 AVENUE,2021-11-21T10:45:00,40.76843,-73.8734,0,0,0,0,0,0,0,0,,97 STREET,4480317,Sedan,Sedan,,,,11369
MANHATTAN,Unspecified,,,,,7 AVENUE,2021-11-21T10:40:00,40.756035,-73.98695,0,0,0,0,0,0,0,0,,WEST 42 STREET,4480148,Sedan,,,,,10036
BRONX,Driver Inattention/Distraction,,,,,,2021-11-21T10:30:00,40.884235,-73.901146,0,0,0,0,0,0,0,0,5791      BROADWAY,,4480128,,,,,,10463
BROOKLYN,Driver Inattention/Distraction,Unspecified,,,,,2021-11-21T10:25:00,40.640633,-73.93982,0,0,0,0,0,0,0,0,669       EAST 39 STREET,,4479884,Station Wagon/Sport Utility Vehicle,,,,,11203
,Tire Failure/Inadequate,,,,,,2021-11-21T10:15:00,40.735336,-73.91689,0,0,0,0,0,0,0,0,,BROOKLYN QUEENS EXPRESSWAY,4479632,Station Wagon/Sport Utility Vehicle,,,,,
BRONX,Driver Inattention/Distraction,Unspecified,,,,,2021-11-21T10:00:00,40.816685,-73.9166,0,0,0,0,0,0,0,0,2882      3 AVENUE,,4480087,Sedan,,,,,10455
BRONX,Driver Inattention/Distraction,Unspecified,,,,,2021-11-21T10:00:00,40.89436,-73.85185,0,0,0,0,0,0,0,0,4256      DIGNEY AVENUE,,4479561,Sedan,,,,,10466
BROOKLYN,Unspecified,,,,,WINDSOR PLACE,2021-11-21T10:00:00,40.660934,-73.983246,0,0,0,0,0,0,0,0,,8 AVENUE,4479588,Sedan,,,,,11215
QUEENS,Following Too Closely,Unspecified,,,,97 STREET,2021-11-21T10:00:00,40.749264,-73.86847,0,0,0,0,0,0,0,0,,ROOSEVELT AVENUE,4479522,Station Wagon/Sport Utility Vehicle,Pick-up Truck,,,,11368
BROOKLYN,Driver Inattention/Distraction,,,,,ROCKAWAY AVENUE,2021-11-21T09:57:00,40.64856,-73.90535,0,0,0,0,1,0,1,0,,FOSTER AVENUE,4479430,Station Wagon/Sport Utility Vehicle,,,,,11236
BROOKLYN,Driver Inattention/Distraction,Unspecified,,,,EAST 17 STREET,2021-11-21T09:48:00,40.590294,-73.952866,0,0,1,0,0,0,1,0,,AVENUE Y,4479753,Station Wagon/Sport Utility Vehicle,,,,,11235
BRONX,Driver Inattention/Distraction,Unspecified,,,,EAST TREMONT AVENUE,2021-11-21T09:30:00,40.846825,-73.89705,0,0,0,0,0,0,0,0,,BATHGATE AVENUE,4479871,Station Wagon/Sport Utility Vehicle,UNKNOWN,,,,10457
,Driver Inattention/Distraction,Unspecified,,,,ASTORIA BOULEVARD,2021-11-21T09:30:00,40.769897,-73.91344,0,0,0,0,0,0,0,0,,36 STREET,4479723,Station Wagon/Sport Utility Vehicle,Station Wagon/Sport Utility Vehicle,,,,
BROOKLYN,Driver Inattention/Distraction,Unspecified,Unspecified,,,EAST 29 STREET,2021-11-21T09:20:00,40.611885,-73.94508,0,0,0,0,0,0,0,0,,AVENUE P,4479747,Pick-up Truck,Station Wagon/Sport Utility Vehicle,Station Wagon/Sport Utility Vehicle,,,11229
,Following Too Closely,Unspecified,Unspecified,,,SEDGWICK AVENUE,2021-11-21T09:19:00,40.86315,-73.90907,0,0,0,0,0,0,0,0,,WEST FORDHAM ROAD,4480779,Taxi,Taxi,Sedan,,,
MANHATTAN,Unspecified,,,,,EAST 20 STREET,2021-11-21T09:15:00,40.73831,-73.98775,0,0,0,0,1,0,1,0,,PARK AVENUE SOUTH,4479408,Sedan,,,,,10010
BROOKLYN,Unspecified,,,,,HEGEMAN AVENUE,2021-11-21T09:09:00,40.656273,-73.90731,0,0,0,0,1,0,1,0,,ROCKAWAY AVENUE,4480048,Station Wagon/Sport Utility Vehicle,,,,,11212
BRONX,Failure to Yield Right-of-Way,Unsafe Speed,Unspecified,,,DEPOT PLACE,2021-11-21T09:06:00,40.84126,-73.92805,0,0,0,0,0,0,0,0,,SEDGWICK AVENUE,4479457,Sedan,Sedan,Sedan,,,10452
QUEENS,Driver Inattention/Distraction,Unspecified,,,,NATIONAL STREET,2021-11-21T08:54:00,40.746906,-73.86371,0,0,0,0,0,0,0,0,,43 AVENUE,4479512,Station Wagon/Sport Utility Vehicle,E-Bike,,,,11368
QUEENS,Brakes Defective,Unspecified,Unspecified,,,,2021-11-21T08:50:00,40.760685,-73.862206,0,0,0,0,0,0,0,0,107-10    ASTORIA BOULEVARD,,4479431,Station Wagon/Sport Utility Vehicle,Sedan,Sedan,,,11369
BRONX,Unspecified,Unspecified,Unspecified,Unspecified,,MELROSE AVENUE,2021-11-21T08:30:00,40.824806,-73.91352,0,0,1,0,0,0,1,0,,EAST 162 STREET,4479946,Station Wagon/Sport Utility Vehicle,Station Wagon/Sport Utility Vehicle,Station Wagon/Sport Utility Vehicle,Station Wagon/Sport Utility Vehicle,,10451
,Tire Failure/Inadequate,,,,,,2021-11-21T08:22:00,,,0,0,0,0,0,0,0,0,,QUEENSBORO BRIDGE UPPER,4479393,Station Wagon/Sport Utility Vehicle,,,,,
,Unspecified,,,,,WILKINSON AVENUE,2021-11-21T08:05:00,40.85162,-73.8265,0,0,0,0,0,0,0,0,,BRUCKNER BOULEVARD,4479822,Sedan,,,,,
QUEENS,Alcohol Involvement,Unspecified,,,,50 AVENUE,2021-11-21T07:45:00,40.73701,-73.89993,0,0,0,0,0,0,0,0,,65 PLACE,4479634,Sedan,Sedan,,,,11377
,Unsafe Speed,,,,,SOUTH AVENUE,2021-11-21T07:30:00,40.60235,-74.189644,0,0,0,0,0,0,0,0,,CHELSEA ROAD,4479396,Sedan,,,,,
,Turning Improperly,Unspecified,,,,,2021-11-21T07:30:00,40.829655,-73.91729,0,0,0,0,0,0,0,0,,GRANT AVENUE,4479397,Sedan,Sedan,,,,
,Unsafe Speed,,,,,,2021-11-21T07:26:00,40.734337,-74.002396,0,0,0,0,0,0,0,0,,7 AVENUE SOUTH,4479535,Sedan,,,,,
,Other Vehicular,Unspecified,,,,HUTCHINSON RIVER PARKWAY EAST,2021-11-21T07:20:00,40.854923,-73.83296,0,0,0,0,0,0,0,0,,EAST 197 STREET,4479466,Station Wagon/Sport Utility Vehicle,Station Wagon/Sport Utility Vehicle,,,,
,Failure to Yield Right-of-Way,Failure to Yield Right-of-Way,,,,,2021-11-21T06:50:00,40.772697,-73.83396,0,0,0,0,0,0,0,0,,LINDEN PLACE,4479537,Station Wagon/Sport Utility Vehicle,Sedan,,,,
,Driver Inattention/Distraction,,,,,,2021-11-21T06:45:00,40.723648,-73.99103,0,0,0,0,0,0,0,0,,2 AVENUE,4480460,Sedan,,,,,
BRONX,Fell Asleep,Unspecified,Unspecified,,,,2021-11-21T06:20:00,,,0,0,0,0,0,0,0,0,2458      ARTHUR AVENUE,,4479809,Station Wagon/Sport Utility Vehicle,Station Wagon/Sport Utility Vehicle,Sedan,,,10458
BROOKLYN,Driver Inattention/Distraction,Unspecified,,,,JOHNSON AVENUE,2021-11-21T06:16:00,40.706917,-73.93972,0,0,2,0,0,0,2,0,,BUSHWICK AVENUE,4479425,Sedan,Sedan,,,,11206
BRONX,Reaction to Uninvolved Vehicle,Unspecified,Unspecified,,,,2021-11-21T06:00:00,40.821976,-73.9,0,0,0,0,0,0,0,0,861       EAST 163 STREET,,4480310,Sedan,Sedan,Sedan,,,10459
,Unspecified,Unspecified,,,,,2021-11-21T05:50:00,40.77461,-73.94809,0,0,0,0,0,0,0,0,,YORK AVENUE,4479746,Station Wagon/Sport Utility Vehicle,Station Wagon/Sport Utility Vehicle,,,,
QUEENS,Other Vehicular,Other Vehicular,,,,,2021-11-21T05:40:00,40.750957,-73.872955,0,0,0,0,0,0,0,0,94-13     37 AVENUE,,4479432,Van,Van,,,,11372
BRONX,Unsafe Speed,Unspecified,,,,,2021-11-21T05:35:00,,,0,0,0,0,0,0,0,0,1706      WILLIAMSBRIDGE ROAD,,4479528,Station Wagon/Sport Utility Vehicle,Station Wagon/Sport Utility Vehicle,,,,10461
BRONX,Unsafe Speed,,,,,SAINT OUEN STREET,2021-11-21T05:34:00,,,0,0,0,0,0,0,0,0,,WHITE PLAINS ROAD,4479575,Sedan,,,,,10470
MANHATTAN,Unspecified,,,,,FORT WASHINGTON AVENUE,2021-11-21T05:30:00,40.848667,-73.939186,0,0,0,0,0,0,0,0,,WEST 178 STREET,4480187,Station Wagon/Sport Utility Vehicle,,,,,10033
QUEENS,Reaction to Uninvolved Vehicle,Unspecified,,,,207 STREET,2021-11-21T05:30:00,40.703175,-73.7483,0,0,0,0,0,0,0,0,,113 AVENUE,4479645,Sedan,Sedan,,,,11429
QUEENS,Following Too Closely,Unspecified,Unspecified,,,,2021-11-21T05:30:00,40.743256,-73.88361,0,0,1,0,0,0,1,0,81-16     BROADWAY,,4479511,Sedan,Sedan,Station Wagon/Sport Utility Vehicle,,,11373
BRONX,Unspecified,,,,,,2021-11-21T05:00:00,40.842007,-73.85755,0,0,0,0,0,0,0,0,2155      EAST TREMONT AVENUE,,4480709,Sedan,,,,,10462
QUEENS,Driver Inattention/Distraction,Unspecified,,,,,2021-11-21T05:00:00,40.740593,-73.858574,0,0,0,0,0,0,0,0,54-18     102 STREET,,4479521,Station Wagon/Sport Utility Vehicle,Station Wagon/Sport Utility Vehicle,,,,11368
BRONX,Unsafe Speed,Unspecified,,,,TIMPSON PLACE,2021-11-21T04:55:00,40.8126,-73.899,0,0,0,0,0,0,0,0,,BRUCKNER BOULEVARD,4479636,Sedan,Sedan,,,,10455
QUEENS,Passing Too Closely,Unspecified,Unspecified,,,,2021-11-21T04:55:00,40.695427,-73.8386,0,0,0,0,0,0,0,0,87-64     109 STREET,,4479716,Sedan,Station Wagon/Sport Utility Vehicle,Sedan,,,11418
BROOKLYN,Unsafe Speed,,,,,ERSKINE STREET,2021-11-21T04:48:00,40.65289,-73.866745,0,0,2,0,0,0,2,0,,GATEWAY DRIVE,4479855,Sedan,,,,,11239
MANHATTAN,Unspecified,,,,,,2021-11-21T04:40:00,40.755337,-73.98532,0,0,0,0,0,0,0,0,136       WEST 42 STREET,,4480147,Sedan,,,,,10036
BROOKLYN,Passing Too Closely,Unspecified,,,,LORIMER STREET,2021-11-21T04:35:00,40.706852,-73.948204,0,0,1,0,0,0,1,0,,MONTROSE AVENUE,4479437,Sedan,Moped,,,,11206
,Following Too Closely,Unspecified,,,,,2021-11-21T04:30:00,40.78827,-73.81613,0,0,0,0,0,0,0,0,,14 AVENUE,4479744,Station Wagon/Sport Utility Vehicle,Station Wagon/Sport Utility Vehicle,,,,
MANHATTAN,Alcohol Involvement,Unspecified,,,,,2021-11-21T04:15:00,40.720474,-73.98974,0,0,0,0,0,0,0,0,131       ALLEN STREET,,4480058,Sedan,Sedan,,,,10002
,Driver Inattention/Distraction,Unspecified,,,,,2021-11-21T04:00:00,,,0,0,2,0,0,0,2,0,,LONG ISLAND EXPRESSWAY,4479378,Station Wagon/Sport Utility Vehicle,Sedan,,,,
,Driver Inattention/Distraction,Unspecified,,,,,2021-11-21T03:55:00,40.72125,-73.93651,0,0,1,0,0,0,1,0,,DIVISION PLACE,4479607,Station Wagon/Sport Utility Vehicle,Station Wagon/Sport Utility Vehicle,,,,
BRONX,Driver Inexperience,Unspecified,,,,SOUTHERN BOULEVARD,2021-11-21T03:48:00,40.812126,-73.90419,0,0,0,0,0,0,0,0,,EAST 149 STREET,4479637,Sedan,Sedan,,,,10455
BRONX,Unspecified,,,,,UNIONPORT ROAD,2021-11-21T03:45:00,40.83401,-73.85348,0,0,1,0,0,0,1,0,,WESTCHESTER AVENUE,4479383,Station Wagon/Sport Utility Vehicle,,,,,10462
,Driver Inattention/Distraction,Unspecified,,,,,2021-11-21T03:45:00,40.864216,-73.895805,0,0,0,0,0,0,0,0,,GRAND CONCOURSE,4479938,Station Wagon/Sport Utility Vehicle,Sedan,,,,
,Reaction to Uninvolved Vehicle,,,,,,2021-11-21T03:43:00,40.736412,-73.74183,0,0,1,0,0,0,1,0,,GRAND CENTRAL PKWY,4479323,Station Wagon/Sport Utility Vehicle,,,,,
BROOKLYN,Unsafe Speed,Unspecified,Unspecified,Unspecified,Unspecified,COZINE AVENUE,2021-11-21T03:40:00,40.657997,-73.87837,0,0,0,0,0,0,0,0,,WARWICK STREET,4479854,Sedan,Sedan,Sedan,Sedan,Station Wagon/Sport Utility Vehicle,11207
,Following Too Closely,,,,,,2021-11-21T03:36:00,40.696663,-73.98085,0,0,0,0,0,0,0,0,,BROOKLYN QUEENS EXPRESSWAY,4479311,Sedan,,,,,
,Unspecified,Unspecified,,,,FOREST AVENUE,2021-11-21T03:18:00,40.624912,-74.146706,0,0,0,0,0,0,0,0,,WILLOW ROAD WEST,4480660,Box Truck,Sedan,,,,
QUEENS,Other Vehicular,Failure to Yield Right-of-Way,,,,96 STREET,2021-11-21T03:16:00,40.662926,-73.837875,0,0,0,0,0,0,0,0,,157 AVENUE,4479663,Sedan,Sedan,,,,11414
,Alcohol Involvement,,,,,RICHMOND VALLEY ROAD,2021-11-21T03:00:00,40.519722,-74.22867,0,0,1,0,0,0,1,0,,AMBOY ROAD,4480145,Station Wagon/Sport Utility Vehicle,,,,,
BRONX,Following Too Closely,,,,,,2021-11-21T03:00:00,40.87172,-73.886375,0,0,0,0,0,0,0,0,2968      VALENTINE AVENUE,,4479939,Station Wagon/Sport Utility Vehicle,,,,,10458
,Following Too Closely,Unspecified,,,,,2021-11-21T03:00:00,40.700836,-73.99495,0,0,0,0,0,0,0,0,,BROOKLYN QUEENS EXPRESSWAY,4479310,Sedan,Sedan,,,,
BROOKLYN,Unspecified,Unspecified,,,,,2021-11-21T02:50:00,40.650475,-73.933174,0,0,0,0,0,0,0,0,933       SCHENECTADY AVENUE,,4480203,Station Wagon/Sport Utility Vehicle,,,,,11203
,Driver Inattention/Distraction,Driver Inattention/Distraction,,,,,2021-11-21T02:30:00,40.740894,-73.89961,0,0,0,0,0,0,0,0,,65 PLACE,4479349,Station Wagon/Sport Utility Vehicle,Sedan,,,,
,Driver Inattention/Distraction,Driver Inattention/Distraction,Driver Inattention/Distraction,,,164 STREET,2021-11-21T02:20:00,,,0,0,1,0,0,0,1,0,,LONG ISLAND EXPRESSWAY,4479334,Sedan,Sedan,Sedan,,,
BRONX,Failure to Yield Right-of-Way,Unspecified,,,,JEROME AVENUE,2021-11-21T02:15:00,40.853813,-73.90734,0,0,0,0,0,0,1,0,,WEST BURNSIDE AVENUE,4479901,Sedan,E-Scooter,,,,10453
,Unsafe Speed,Unspecified,,,,,2021-11-21T02:15:00,40.677364,-73.90798,0,0,0,0,0,0,0,0,,EASTERN PARKWAY,4480050,Taxi,,,,,
BROOKLYN,Failure to Yield Right-of-Way,,,,,MORGAN AVENUE,2021-11-21T02:15:00,40.71337,-73.934814,0,0,0,0,1,0,1,0,,GRAND STREET,4479436,Sedan,,,,,11211
,Driver Inattention/Distraction,Driver Inattention/Distraction,Driver Inattention/Distraction,,,,2021-11-21T02:09:00,40.72277,-73.83625,0,0,0,0,0,0,0,0,,GRAND CENTRAL PKWY,4479313,Pick-up Truck,Station Wagon/Sport Utility Vehicle,Taxi,,,
BROOKLYN,Driver Inattention/Distraction,Driver Inattention/Distraction,,,,LOCUST STREET,2021-11-21T02:05:00,40.69864,-73.93819,0,0,2,0,0,0,2,0,,BROADWAY,4479641,Sedan,Sedan,,,,11206
,Failure to Yield Right-of-Way,Unspecified,Unspecified,,,,2021-11-21T02:00:00,40.744846,-73.835686,0,0,0,0,0,0,0,0,,COLLEGE POINT BOULEVARD,4479533,Station Wagon/Sport Utility Vehicle,Station Wagon/Sport Utility Vehicle,Sedan,,,
,Unspecified,,,,,,2021-11-21T01:49:00,40.815205,-73.947495,0,0,0,0,0,0,0,0,,WEST 133 STREET,4480472,Station Wagon/Sport Utility Vehicle,,,,,
BROOKLYN,Reaction to Uninvolved Vehicle,Unspecified,Unspecified,Unspecified,,NEW YORK AVENUE,2021-11-21T01:45:00,40.641125,-73.94563,0,0,0,0,0,0,0,0,,AVENUE D,4479424,Sedan,Sedan,Sedan,Station Wagon/Sport Utility Vehicle,,11203
,Unsafe Lane Changing,Unspecified,Unspecified,,,,2021-11-21T01:45:00,40.699265,-73.72717,0,0,0,0,0,0,0,0,,CROSS ISLAND PARKWAY,4479324,Sedan,Station Wagon/Sport Utility Vehicle,Sedan,,,
,Unsafe Lane Changing,Unspecified,,,,,2021-11-21T01:30:00,40.844795,-73.92445,0,0,1,0,0,0,1,0,,CROSS BRONX EXPY,4479911,Sedan,Tractor Truck Gasoline,,,,
QUEENS,Driver Inattention/Distraction,Unspecified,,,,BROOKVILLE BOULEVARD,2021-11-21T01:20:00,40.66758,-73.737404,0,0,0,0,0,0,0,0,,FRANCIS LEWIS BOULEVARD,4480405,Sedan,,,,,11422
BRONX,Other Vehicular,Driver Inattention/Distraction,,,,,2021-11-21T01:00:00,40.849773,-73.88709,0,0,0,0,0,0,0,0,2156      CROTONA AVENUE,,4480903,Station Wagon/Sport Utility Vehicle,,,,,10457
BROOKLYN,Following Too Closely,Unspecified,Unspecified,,,MOFFAT STREET,2021-11-21T01:00:00,40.68746,-73.906494,0,0,0,0,0,0,0,0,,CENTRAL AVENUE,4479650,Sedan,Station Wagon/Sport Utility Vehicle,,,,11207
MANHATTAN,Unspecified,,,,,EDGECOMBE AVENUE,2021-11-21T00:55:00,40.83328,-73.93916,0,0,0,0,0,0,0,0,,WEST 159 STREET,4480199,Sedan,,,,,10032
BRONX,Turning Improperly,Unspecified,,,,WEST 192 STREET,2021-11-21T00:40:00,40.866997,-73.902084,1,0,0,0,0,0,1,0,,UNIVERSITY AVENUE,4480746,Sedan,Bike,,,,10468
,Unspecified,Unspecified,,,,,2021-11-21T00:40:00,40.651974,-73.86542,0,0,0,0,0,0,0,0,,BELT PARKWAY,4479837,4 dr sedan,Sedan,,,,
BRONX,Unspecified,Unspecified,,,,,2021-11-21T00:40:00,40.856644,-73.89823,0,0,0,0,0,0,0,0,2242      VALENTINE AVENUE,,4479807,Sedan,Sedan,,,,10457
QUEENS,Tire Failure/Inadequate,Unspecified,Unspecified,Unspecified,,99 AVENUE,2021-11-21T00:40:00,40.710705,-73.76346,0,0,0,0,0,0,0,0,,196 STREET,4479307,Sedan,Station Wagon/Sport Utility Vehicle,Station Wagon/Sport Utility Vehicle,Station Wagon/Sport Utility Vehicle,,11423
,Failure to Yield Right-of-Way,Unspecified,,,,,2021-11-21T00:36:00,40.710243,-73.9584,0,0,0,0,0,0,0,0,,BORINQUEN PLACE,4479428,Taxi,Bike,,,,
BRONX,Failure to Yield Right-of-Way,Unspecified,,,,MAJOR DEEGAN EXPRESSWAY,2021-11-21T00:30:00,40.861862,-73.91275,0,0,1,0,0,0,1,0,,WEST FORDHAM ROAD,4479930,Sedan,Sedan,,,,10453
BRONX,Passing Too Closely,Unspecified,,,,,2021-11-21T00:15:00,40.841026,-73.890396,0,0,0,0,0,0,0,0,806       EAST 175 STREET,,4479919,Station Wagon/Sport Utility Vehicle,Garbage or Refuse,,,,10460
,Unsafe Speed,Other Vehicular,Other Vehicular,,,,2021-11-21T00:15:00,,,0,0,3,0,0,0,3,0,,BELT PARKWAY,4479665,Station Wagon/Sport Utility Vehicle,Sedan,,,,
QUEENS,Driver Inattention/Distraction,,,,,,2021-11-21T00:10:00,40.752888,-73.85466,0,0,0,0,1,0,1,0,112-29    39 AVENUE,,4479375,Sedan,,,,,11368
,Failure to Yield Right-of-Way,Unspecified,,,,,2021-11-21T00:10:00,40.733032,-73.954735,0,0,1,0,0,0,1,0,,MANHATTAN AVENUE,4479606,Sedan,Sedan,,,,
QUEENS,Unspecified,Unspecified,,,,,2021-11-21T00:10:00,40.71559,-73.74736,0,0,0,0,0,0,0,0,211-75    JAMAICA AVENUE,,4479306,Sedan,Sedan,Station Wagon/Sport Utility Vehicle,,,11428
QUEENS,Driver Inattention/Distraction,Unspecified,,,,57 STREET,2021-11-21T00:05:00,40.75221,-73.90443,0,0,0,0,0,0,0,0,,BROADWAY,4479350,E-Bike,Motorcycle,,,,11377
BROOKLYN,Failure to Yield Right-of-Way,,,,,ROGERS AVENUE,2021-11-21T00:00:00,40.65249,-73.95267,0,0,0,0,1,0,1,0,,LINDEN BOULEVARD,4479780,Station Wagon/Sport Utility Vehicle,,,,,11226
MANHATTAN,Driver Inattention/Distraction,Unspecified,,,,,2021-11-20T23:49:00,40.748135,-73.97793,0,0,0,0,0,0,0,0,143       EAST 37 STREET,,4479760,Taxi,Sedan,,,,10016
,Driver Inattention/Distraction,Unspecified,Unspecified,Unspecified,,,2021-11-20T23:40:00,40.68888,-73.960014,0,0,0,0,0,0,0,0,,LAFAYETTE AVENUE,4479478,Sedan,Station Wagon/Sport Utility Vehicle,Sedan,Sedan,,
,Driver Inattention/Distraction,Unspecified,,,,,2021-11-20T23:39:00,40.7375,-73.93385,0,0,0,0,0,0,0,0,,LONG ISLAND EXPRESSWAY,4479348,Sedan,,,,,
,Unspecified,,,,,,2021-11-20T23:38:00,,,0,0,0,0,0,1,0,1,530       Gulf Avenue,,4480262,Sedan,,,,,
MANHATTAN,,,,,,,2021-11-20T23:30:00,40.81387,-73.95669,0,0,0,0,1,0,1,0,511       WEST 125 STREET,,4479460,,,,,,10027
,Unsafe Speed,Unspecified,,,,,2021-11-20T23:25:00,40.667236,-73.770004,0,0,0,0,0,0,0,0,,BELT PARKWAY,4479427,Sedan,Sedan,,,,
,Traffic Control Disregarded,Unspecified,,,,BEACH 184 STREET,2021-11-20T23:20:00,,,0,0,1,0,0,0,1,0,,ROCKAWAY POINT BOULEVARD,4479984,Station Wagon/Sport Utility Vehicle,Station Wagon/Sport Utility Vehicle,,,,
BROOKLYN,Turning Improperly,Unspecified,,,,LINDEN BOULEVARD,2021-11-20T23:20:00,40.654133,-73.91234,0,0,1,0,0,0,1,0,,ROCKAWAY PARKWAY,4479420,Sedan,Station Wagon/Sport Utility Vehicle,,,,11212
,Driver Inattention/Distraction,,,,,,2021-11-20T22:50:00,40.728848,-73.75087,0,0,2,0,0,0,2,0,,GRAND CENTRAL PKWY,4479422,Sedan,,,,,
,View Obstructed/Limited,Unspecified,,,,,2021-11-20T22:50:00,40.66552,-73.74467,0,0,0,0,0,0,0,0,,BELT PARKWAY,4479423,Sedan,Sedan,,,,
QUEENS,Unspecified,,,,,ELDER AVENUE,2021-11-20T22:45:00,40.751835,-73.82427,0,0,0,0,0,0,0,0,,COLDEN STREET,4479629,Sedan,,,,,11355
QUEENS,Fell Asleep,Unspecified,Unspecified,Unspecified,,165 AVENUE,2021-11-20T22:45:00,40.64912,-73.837395,0,0,2,0,0,0,2,0,,CROSS BAY BOULEVARD,4479660,Sedan,Sedan,Sedan,Sedan,,11414
BROOKLYN,Backing Unsafely,Unspecified,Unspecified,Unspecified,,,2021-11-20T22:30:00,40.601162,-73.961426,0,0,5,0,0,0,5,0,2292      CONEY ISLAND AVENUE,,4479322,Station Wagon/Sport Utility Vehicle,Station Wagon/Sport Utility Vehicle,Station Wagon/Sport Utility Vehicle,Station Wagon/Sport Utility Vehicle,,11223
QUEENS,Unspecified,,,,,,2021-11-20T22:23:00,40.74436,-73.86985,0,0,0,0,0,0,0,0,94-39     44 AVENUE,,4479564,Sedan,,,,,11373
QUEENS,Driver Inattention/Distraction,Driver Inattention/Distraction,,,,38 STREET,2021-11-20T22:23:00,40.74413,-73.927055,1,0,0,0,0,0,1,0,,QUEENS BOULEVARD,4479292,Bike,Sedan,,,,11101
,Driver Inattention/Distraction,Driver Inattention/Distraction,,,,,2021-11-20T22:10:00,40.70183,-73.91933,0,0,0,0,0,0,0,0,,STANHOPE STREET,4479616,Sedan,Station Wagon/Sport Utility Vehicle,,,,
BRONX,Backing Unsafely,,,,,MELROSE AVENUE,2021-11-20T22:00:00,40.81676,-73.917465,0,0,0,0,2,0,2,0,,EAST 150 STREET,4480769,Sedan,,,,,10455
,Reaction to Uninvolved Vehicle,Unspecified,,,,,2021-11-20T22:00:00,,,0,0,0,0,0,0,0,0,,HENRY HUDSON PARKWAY,4480820,Sedan,Station Wagon/Sport Utility Vehicle,,,,
QUEENS,Failure to Yield Right-of-Way,Unspecified,,,,ELIOT AVENUE,2021-11-20T21:53:00,40.732582,-73.86806,0,0,1,0,0,0,1,0,,QUEENS BOULEVARD,4479270,Motorcycle,Sedan,,,,11374
,Failure to Yield Right-of-Way,Driver Inattention/Distraction,Unspecified,,,,2021-11-20T21:45:00,40.660954,-73.960686,0,0,4,0,0,0,4,0,,FLATBUSH AVENUE,4479712,Bus,Sedan,Sedan,,,
,Other Vehicular,Other Vehicular,Aggressive Driving/Road Rage,,,,2021-11-20T21:36:00,,,0,0,0,0,0,0,0,0,,BROOKLYN BRIDGE,4479309,Station Wagon/Sport Utility Vehicle,,,,,
,Driver Inattention/Distraction,Driver Inattention/Distraction,,,,,2021-11-20T21:35:00,40.766357,-73.88756,0,0,0,0,0,0,0,0,,82 STREET,4479376,Station Wagon/Sport Utility Vehicle,Station Wagon/Sport Utility Vehicle,,,,
QUEENS,Tire Failure/Inadequate,,,,,BEACH 79 STREET,2021-11-20T21:30:00,40.59052,-73.805336,0,0,0,0,0,0,0,0,,ROCKAWAY FREEWAY,4479312,Sedan,,,,,11692
,Driver Inattention/Distraction,Unspecified,,,,JAMAICA AVENUE,2021-11-20T21:30:00,,,0,0,1,0,0,0,1,0,,VANWYCK EXPRESSWAY,4479690,Station Wagon/Sport Utility Vehicle,Sedan,,,,
BRONX,Aggressive Driving/Road Rage,Unspecified,,,,,2021-11-20T21:30:00,40.81761,-73.89842,0,0,1,0,0,0,1,0,950       LONGWOOD AVENUE,,4479642,Station Wagon/Sport Utility Vehicle,Sedan,,,,10459
,Unspecified,Unspecified,,,,,2021-11-20T21:30:00,40.675755,-73.95977,0,0,0,0,0,0,0,0,,PROSPECT PLACE,4479500,Station Wagon/Sport Utility Vehicle,Station Wagon/Sport Utility Vehicle,Station Wagon/Sport Utility Vehicle,,,
MANHATTAN,Lost Consciousness,Unspecified,Unspecified,Unspecified,Unspecified,,2021-11-20T21:30:00,40.767986,-73.989944,0,0,2,0,0,0,2,0,498       WEST 55 STREET,,4480104,Station Wagon/Sport Utility Vehicle,Station Wagon/Sport Utility Vehicle,Station Wagon/Sport Utility Vehicle,Taxi,Station Wagon/Sport Utility Vehicle,10019
QUEENS,Driver Inattention/Distraction,Unspecified,,,,69 STREET,2021-11-20T21:25:00,40.752457,-73.89716,0,0,0,0,0,0,0,0,,34 AVENUE,4480312,Sedan,Station Wagon/Sport Utility Vehicle,,,,11377
BROOKLYN,Other Vehicular,Failure to Yield Right-of-Way,,,,ELTON STREET,2021-11-20T21:20:00,40.668144,-73.88197,0,0,0,0,0,0,0,0,,DUMONT AVENUE,4479857,Sedan,Taxi,,,,11208
BROOKLYN,Unspecified,Unspecified,,,,,2021-11-20T21:20:00,40.594563,-73.935,0,0,3,0,0,0,3,0,2344      BRAGG STREET,,4479314,Sedan,Sedan,,,,11229
QUEENS,Unspecified,Unspecified,,,,,2021-11-20T21:15:00,40.75746,-73.86093,0,0,1,0,0,0,1,0,33-13     108 STREET,,4479377,Sedan,Sedan,,,,11368
,Driver Inattention/Distraction,Unspecified,,,,ASTORIA BOULEVARD,2021-11-20T21:15:00,40.769604,-73.91139,0,0,1,0,0,0,1,0,,38 STREET,4479730,Station Wagon/Sport Utility Vehicle,Station Wagon/Sport Utility Vehicle,,,,
,Passenger Distraction,Unspecified,Unspecified,,,,2021-11-20T21:10:00,,,0,0,1,0,0,0,1,0,,MAJOR DEEGAN EXPRESSWAY RAMP,4480825,Sedan,Sedan,Sedan,,,
BROOKLYN,Pedestrian/Bicyclist/Other Pedestrian Error/Confusion,Unspecified,,,,CLERMONT AVENUE,2021-11-20T21:05:00,40.689507,-73.97014,1,0,0,0,0,0,1,0,,DE KALB AVENUE,4479291,Sedan,Bike,,,,11205
BROOKLYN,Turning Improperly,Unspecified,,,,TOMPKINS AVENUE,2021-11-20T21:00:00,40.697903,-73.9468,0,0,0,0,0,0,0,0,,PARK AVENUE,4480650,Station Wagon/Sport Utility Vehicle,,,,,11206
,Unsafe Lane Changing,Unspecified,Unspecified,,,,2021-11-20T21:00:00,40.75108,-73.74915,0,0,0,0,0,0,0,0,,LONG ISLAND EXPRESSWAY,4479587,Station Wagon/Sport Utility Vehicle,Station Wagon/Sport Utility Vehicle,,,,
MANHATTAN,Failure to Yield Right-of-Way,Unspecified,,,,,2021-11-20T20:54:00,40.758797,-73.993546,0,0,4,0,0,0,4,0,420       WEST 42 STREET,,4479446,Station Wagon/Sport Utility Vehicle,Sedan,,,,10036
QUEENS,Following Too Closely,Unspecified,,,,151 AVENUE,2021-11-20T20:52:00,40.668556,-73.84714,0,0,1,0,0,0,1,0,,88 STREET,4479674,Sedan,Sedan,,,,11414
BROOKLYN,Turning Improperly,Unspecified,,,,,2021-11-20T20:50:00,40.715355,-73.9496,0,0,0,0,0,0,0,0,617       LORIMER STREET,,4479605,Sedan,Box Truck,,,,11211
QUEENS,Driver Inattention/Distraction,Unspecified,Unspecified,,,245 STREET,2021-11-20T20:45:00,40.665318,-73.73431,0,0,7,0,0,0,7,0,,SOUTH CONDUIT AVENUE,4479305,Station Wagon/Sport Utility Vehicle,Station Wagon/Sport Utility Vehicle,Station Wagon/Sport Utility Vehicle,,,11422
BROOKLYN,Unspecified,,,,,EAST 15 STREET,2021-11-20T20:36:00,40.605797,-73.95773,0,0,0,0,1,0,1,0,,AVENUE R,4479319,Sedan,,,,,11229
BRONX,Unspecified,,,,,,2021-11-20T20:30:00,40.818882,-73.84488,0,0,0,0,0,0,0,0,535       HAVEMEYER AVENUE,,4479473,Station Wagon/Sport Utility Vehicle,,,,,10473
QUEENS,Unsafe Speed,Unspecified,Unspecified,Unspecified,,,2021-11-20T20:30:00,40.692802,-73.893524,0,0,0,0,0,0,0,0,80-84     59 STREET,,4479541,Station Wagon/Sport Utility Vehicle,Sedan,Station Wagon/Sport Utility Vehicle,Station Wagon/Sport Utility Vehicle,,11385
MANHATTAN,Passing or Lane Usage Improper,Unspecified,Unspecified,,,,2021-11-20T20:26:00,40.865482,-73.92088,0,0,2,0,0,0,2,0,210       SHERMAN AVENUE,,4479593,Sedan,Sedan,Sedan,,,10034
,Unsafe Lane Changing,Unspecified,Unspecified,Unspecified,,,2021-11-20T20:24:00,40.756424,-73.7403,0,0,3,0,0,0,3,0,,LONG ISLAND EXPRESSWAY,4479281,Sedan,Station Wagon/Sport Utility Vehicle,Station Wagon/Sport Utility Vehicle,Station Wagon/Sport Utility Vehicle,,
BROOKLYN,Driver Inattention/Distraction,Unspecified,,,,DE KALB AVENUE,2021-11-20T20:15:00,40.69268,-73.93998,0,0,0,0,0,0,0,0,,MARCUS GARVEY BOULEVARD,4479540,Sedan,,,,,11221
MANHATTAN,Turning Improperly,Unspecified,,,,,2021-11-20T20:10:00,40.758816,-73.96411,0,0,0,0,0,0,0,0,325       EAST 57 STREET,,4480862,Station Wagon/Sport Utility Vehicle,Sedan,,,,10022
BRONX,Unspecified,Unspecified,,,,,2021-11-20T20:00:00,40.824116,-73.898865,0,0,0,0,0,0,0,0,1022      STEBBINS AVENUE,,4479254,Station Wagon/Sport Utility Vehicle,Sedan,,,,10459
BROOKLYN,Unspecified,Unspecified,,,,,2021-11-20T19:55:00,40.679333,-73.888306,0,0,0,0,0,0,0,0,120       JEROME STREET,,4479840,Sedan,,,,,11207
QUEENS,Failure to Yield Right-of-Way,Unspecified,,,,NORTH CONDUIT AVENUE,2021-11-20T19:51:00,40.66743,-73.76676,0,0,0,0,0,0,0,0,,FARMERS BOULEVARD,4479277,Sedan,Sedan,,,,11434
,Unspecified,,,,,LONGWOOD AVENUE,2021-11-20T19:45:00,,,0,0,0,0,0,0,0,0,,WESTCHESTER AVENUE,4479257,Tractor Truck Diesel,,,,,
BRONX,Driver Inattention/Distraction,Unspecified,,,,,2021-11-20T19:40:00,40.836754,-73.8523,0,0,0,0,0,0,0,0,1513      CASTLE HILL AVENUE,,4479380,Sedan,Station Wagon/Sport Utility Vehicle,,,,10462
,Following Too Closely,Unspecified,,,,,2021-11-20T19:30:00,,,0,0,0,0,0,0,0,0,,BELT PARKWAY,4479659,Station Wagon/Sport Utility Vehicle,Station Wagon/Sport Utility Vehicle,,,,
MANHATTAN,Driver Inattention/Distraction,Driver Inattention/Distraction,,,,RIDGE STREET,2021-11-20T19:27:00,40.717194,-73.98411,0,0,0,0,0,0,0,0,,DELANCEY STREET,4479300,Van,Bike,,,,10002
MANHATTAN,Driver Inattention/Distraction,Unspecified,,,,3 AVENUE,2021-11-20T19:23:00,40.76092,-73.96704,0,0,0,0,0,0,0,0,,EAST 58 STREET,4479879,Taxi,E-Bike,,,,10022
BROOKLYN,Driver Inexperience,Unspecified,,,,EVERGREEN AVENUE,2021-11-20T19:11:00,40.696667,-73.92824,0,0,0,0,0,0,0,0,,CEDAR STREET,4479619,Sedan,,,,,11221
BRONX,Passing or Lane Usage Improper,Pedestrian/Bicyclist/Other Pedestrian Error/Confusion,,,,WEST 165 STREET,2021-11-20T19:02:00,40.834415,-73.92854,1,0,0,0,0,0,1,0,,OGDEN AVENUE,4479327,Taxi,Bike,,,,10452
BROOKLYN,Unspecified,Unspecified,,,,AVENUE S,2021-11-20T19:00:00,40.602467,-73.96638,0,0,2,0,0,0,2,0,,OCEAN PARKWAY,4479757,Sedan,,,,,11223
BROOKLYN,Following Too Closely,Following Too Closely,Unspecified,Unspecified,Unspecified,KINGS HIGHWAY,2021-11-20T19:00:00,40.66077,-73.91975,0,0,1,0,0,0,1,0,,ROCKAWAY PARKWAY,4479749,Station Wagon/Sport Utility Vehicle,Sedan,Sedan,Station Wagon/Sport Utility Vehicle,,11212
BROOKLYN,Driver Inattention/Distraction,Unspecified,,,,,2021-11-20T19:00:00,40.668716,-73.88129,0,0,0,0,0,0,0,0,678       LINWOOD STREET,,4479835,Sedan,Sedan,,,,11208
BRONX,Unspecified,Unspecified,Unspecified,Unspecified,,,2021-11-20T18:54:00,40.820515,-73.89998,0,0,0,0,0,0,0,0,871       WESTCHESTER AVENUE,,4479256,Sedan,Sedan,Station Wagon/Sport Utility Vehicle,Station Wagon/Sport Utility Vehicle,,10459
,Driver Inattention/Distraction,Driver Inattention/Distraction,,,,,2021-11-20T18:50:00,,,0,0,2,0,0,0,2,0,,FDR DRIVE,4479754,Sedan,Sedan,,,,
BROOKLYN,Unspecified,Unspecified,,,,,2021-11-20T18:50:00,40.668682,-73.86814,0,0,1,0,0,0,1,0,2602      LINDEN BOULEVARD,,4479834,Sedan,Station Wagon/Sport Utility Vehicle,,,,11208
,Reaction to Uninvolved Vehicle,Unspecified,,,,,2021-11-20T18:40:00,40.617645,-74.00304,0,0,0,0,0,0,1,0,,BAY RIDGE PARKWAY,4479358,Station Wagon/Sport Utility Vehicle,E-Bike,,,,
QUEENS,Failure to Yield Right-of-Way,Unspecified,,,,150 STREET,2021-11-20T18:40:00,40.776997,-73.8148,0,0,0,0,0,0,0,0,,WILLETS POINT BOULEVARD,4479261,Station Wagon/Sport Utility Vehicle,Sedan,,,,11357
,Passing Too Closely,Traffic Control Disregarded,,,,,2021-11-20T18:33:00,40.67996,-73.955444,0,0,0,0,0,0,0,0,,FRANKLIN AVENUE,4479480,Sedan,Sedan,,,,
,Driver Inattention/Distraction,Unspecified,,,,,2021-11-20T18:32:00,40.69608,-73.9694,1,0,0,0,0,0,1,0,,CLINTON AVENUE,4479290,Station Wagon/Sport Utility Vehicle,Bike,,,,
,Driver Inattention/Distraction,Unspecified,,,,,2021-11-20T18:30:00,40.73873,-73.81428,0,0,0,0,0,0,0,0,,LONG ISLAND EXPRESSWAY,4479272,Sedan,,,,,
MANHATTAN,Unspecified,,,,,WEST 44 STREET,2021-11-20T18:30:00,40.75478,-73.97994,0,0,0,0,2,0,2,0,,5 AVENUE,4479455,Taxi,,,,,10017
,Unsafe Lane Changing,Unspecified,,,,,2021-11-20T18:30:00,40.788315,-73.9765,0,0,0,0,0,0,0,0,,BROADWAY,4479244,Sedan,Bus,,,,
,Alcohol Involvement,Unspecified,,,,,2021-11-20T18:30:00,40.620438,-74.1672,0,0,0,0,0,0,0,0,,STATEN ISLAND EXPRESSWAY,4480457,Station Wagon/Sport Utility Vehicle,Station Wagon/Sport Utility Vehicle,,,,
,Failure to Yield Right-of-Way,Unspecified,,,,,2021-11-20T18:30:00,40.77674,-73.79996,0,0,0,0,0,0,0,0,,23 AVENUE,4479260,Sedan,Station Wagon/Sport Utility Vehicle,,,,
BRONX,Unspecified,,,,,,2021-11-20T18:28:00,40.86514,-73.801544,0,0,0,0,0,0,0,0,1         ORCHARD BEACH ROAD,,4479371,Station Wagon/Sport Utility Vehicle,,,,,10464
,,,,,,VANCORTLANDT PARK WEST,2021-11-20T18:23:00,,,0,0,0,0,1,0,1,0,,BAILEY AVENUE,4480159,,,,,,
MANHATTAN,Unsafe Lane Changing,Unspecified,,,,,2021-11-20T18:22:00,40.753746,-73.98861,0,0,0,0,0,0,0,0,527       7 AVENUE,,4479454,Sedan,Sedan,,,,10018
,Illnes,,,,,,2021-11-20T18:21:00,40.67376,-73.73431,0,0,0,1,0,0,0,1,,LAURELTON PARKWAY,4480021,Station Wagon/Sport Utility Vehicle,,,,,
BROOKLYN,Failure to Yield Right-of-Way,,,,,AVENUE L,2021-11-20T18:20:00,40.62327,-73.9322,0,0,0,0,1,0,1,0,,FLATLANDS AVENUE,4479243,Sedan,,,,,11234
QUEENS,Unspecified,Unspecified,,,,241 STREET,2021-11-20T18:20:00,40.72375,-73.72649,0,0,0,0,0,0,0,0,,JAMAICA AVENUE,4479643,Sedan,Sedan,,,,11426
BRONX,Pedestrian/Bicyclist/Other Pedestrian Error/Confusion,,,,,EAST 162 STREET,2021-11-20T18:07:00,40.824806,-73.91352,0,0,0,0,1,0,1,0,,MELROSE AVENUE,4479953,Sedan,,,,,10451
QUEENS,Passing or Lane Usage Improper,Unspecified,,,,PLEASANTVIEW STREET,2021-11-20T18:00:00,40.712452,-73.882065,0,0,0,0,0,0,0,0,,METROPOLITAN AVENUE,4479544,Station Wagon/Sport Utility Vehicle,,,,,11379
,Driver Inattention/Distraction,,,,,,2021-11-20T17:56:00,40.700775,-73.91334,0,0,0,0,1,0,1,0,,WYCKOFF AVENUE,4479648,Sedan,,,,,
BROOKLYN,Failure to Yield Right-of-Way,Unspecified,,,,WEST 12 STREET,2021-11-20T17:56:00,40.595886,-73.98315,1,0,0,0,0,0,1,0,,AVENUE U,4479318,Station Wagon/Sport Utility Vehicle,Bike,,,,11223
BROOKLYN,Unspecified,Unspecified,,,,AVENUE O,2021-11-20T17:52:00,40.611954,-73.96817,0,0,2,0,0,0,2,0,,OCEAN PARKWAY,4479779,Sedan,Sedan,,,,11230
QUEENS,Driver Inattention/Distraction,Driver Inattention/Distraction,,,,,2021-11-20T17:51:00,40.720604,-73.80697,0,0,0,0,0,0,0,0,160-20    UNION TURNPIKE,,4480179,Sedan,Sedan,,,,11366
,Other Vehicular,Other Vehicular,Unspecified,Unspecified,,,2021-11-20T17:50:00,40.824913,-73.8689,0,0,0,0,0,0,0,0,,BRUCKNER EXPRESSWAY,4479387,Taxi,Sedan,Pick-up Truck,Sedan,,
QUEENS,Unspecified,,,,,,2021-11-20T17:36:00,40.745693,-73.92768,0,0,0,0,0,0,0,0,43-19     37 STREET,,4479269,Sedan,,,,,11101
BROOKLYN,Driver Inattention/Distraction,Driver Inattention/Distraction,,,,,2021-11-20T17:36:00,40.63344,-73.947754,0,0,0,0,0,0,0,0,2126      NOSTRAND AVENUE,,4479620,Bus,Sedan,,,,11210
BRONX,Unspecified,Unspecified,,,,,2021-11-20T17:35:00,40.82757,-73.88998,0,0,0,0,0,0,0,0,1149      VYSE AVENUE,,4480062,Station Wagon/Sport Utility Vehicle,Station Wagon/Sport Utility Vehicle,,,,10459
BROOKLYN,Passing Too Closely,Unspecified,,,,GRAHAM AVENUE,2021-11-20T17:31:00,40.701637,-73.942276,0,0,0,0,0,0,0,0,,DEBEVOISE STREET,4479443,Sedan,,,,,11206
,Unspecified,Unspecified,,,,,2021-11-20T17:30:00,40.82845,-73.827805,0,0,1,0,0,0,1,0,,LAFAYETTE AVENUE,4480755,Sedan,Sedan,,,,
,Traffic Control Disregarded,Other Vehicular,Other Vehicular,Other Vehicular,Other Vehicular,,2021-11-20T17:30:00,40.659702,-73.8786,0,0,1,0,0,0,1,0,,ASHFORD STREET,4479836,Sedan,Sedan,Station Wagon/Sport Utility Vehicle,Station Wagon/Sport Utility Vehicle,Station Wagon/Sport Utility Vehicle,
QUEENS,Passing or Lane Usage Improper,Unspecified,,,,,2021-11-20T17:30:00,40.749886,-73.86249,0,0,0,0,0,0,0,0,103-14    ROOSEVELT AVENUE,,4479577,Station Wagon/Sport Utility Vehicle,Pick-up Truck,,,,11368
MANHATTAN,Driver Inattention/Distraction,Unspecified,,,,,2021-11-20T17:30:00,40.794613,-73.9321,0,0,1,0,0,0,1,0,545       EAST 116 STREET,,4479708,Sedan,Station Wagon/Sport Utility Vehicle,,,,10029
,Unspecified,Unspecified,,,,GLENWOOD ROAD,2021-11-20T17:25:00,40.634506,-73.949455,0,0,0,0,0,0,0,0,,FLATBUSH AVENUE,4479342,Sedan,Pick-up Truck,,,,
QUEENS,Driver Inattention/Distraction,Unspecified,,,,93 STREET,2021-11-20T17:20:00,40.75663,-73.875145,1,0,0,0,0,0,1,0,,NORTHERN BOULEVARD,4479374,Station Wagon/Sport Utility Vehicle,Bike,,,,11372
,Unsafe Speed,Unspecified,,,,,2021-11-20T17:20:00,,,0,0,1,0,0,0,1,0,,BELT PARKWAY,4479675,Sedan,Sedan,,,,
BROOKLYN,Unspecified,,,,,,2021-11-20T17:15:00,40.68598,-73.87484,0,0,0,0,0,0,0,0,104       EUCLID AVENUE,,4479838,Sedan,,,,,11208
BRONX,Driver Inattention/Distraction,Driver Inattention/Distraction,,,,,2021-11-20T17:14:00,40.83919,-73.87793,0,0,2,0,0,0,2,0,346       DEVOE AVENUE,,4479811,Taxi,Station Wagon/Sport Utility Vehicle,,,,10460
MANHATTAN,Unspecified,Unspecified,,,,CLARKSON STREET,2021-11-20T17:03:00,40.729824,-74.010605,0,0,0,0,0,0,0,0,,WEST STREET,4479405,Sedan,Sedan,,,,10014
BROOKLYN,Driver Inattention/Distraction,Unspecified,,,,,2021-11-20T17:00:00,40.674664,-73.87698,0,0,0,0,0,0,0,0,2578      PITKIN AVENUE,,4479853,Station Wagon/Sport Utility Vehicle,Station Wagon/Sport Utility Vehicle,,,,11208
,Failure to Yield Right-of-Way,Unspecified,,,,,2021-11-20T16:50:00,40.699383,-73.79451,0,0,0,0,0,0,1,0,,SOUTH ROAD,4479818,E-Bike,Sedan,,,,
MANHATTAN,Pedestrian/Bicyclist/Other Pedestrian Error/Confusion,Unspecified,,,,CLINTON STREET,2021-11-20T16:45:00,40.717724,-73.98577,1,0,0,0,0,0,1,0,,DELANCEY STREET,4479299,Bike,Bike,,,,10002
QUEENS,Following Too Closely,Unspecified,,,,141 STREET,2021-11-20T16:20:00,40.68384,-73.802574,0,0,0,0,0,0,0,0,,LINDEN BOULEVARD,4479279,Sedan,,,,,11436
,Fatigued/Drowsy,,,,,,2021-11-20T16:07:00,40.707893,-73.84889,0,0,1,0,0,0,1,0,,JACKIE ROBINSON PKWY,4479238,Sedan,,,,,
MANHATTAN,Passing or Lane Usage Improper,Unspecified,,,,,2021-11-20T15:55:00,40.755337,-73.99859,0,0,0,0,0,0,0,0,450       10 AVENUE,,4479456,Sedan,Box Truck,,,,10018
,Unspecified,,,,,,2021-11-20T15:30:00,40.65319,-73.96622,0,0,0,0,0,0,0,0,,PARKSIDE AVENUE,4480001,Sedan,,,,,
MANHATTAN,Unspecified,Unspecified,,,,EAST HOUSTON STREET,2021-11-20T15:30:00,40.721985,-73.98552,0,0,0,0,0,0,0,0,,NORFOLK STREET,4479617,Sedan,,,,,10002
BRONX,Driver Inattention/Distraction,Pedestrian/Bicyclist/Other Pedestrian Error/Confusion,,,,WEST 205 STREET,2021-11-20T15:30:00,40.878056,-73.892136,1,0,0,0,0,0,1,0,,GOULDEN AVENUE,4479935,Sedan,Bike,,,,10468
QUEENS,Driver Inattention/Distraction,Unspecified,,,,114 STREET,2021-11-20T15:27:00,40.75254,-73.85261,1,0,0,0,0,0,1,0,,ROOSEVELT AVENUE,4479573,Sedan,Bike,,,,11368
MANHATTAN,View Obstructed/Limited,Unspecified,,,,,2021-11-20T15:17:00,40.765015,-73.98484,0,0,0,0,0,0,0,0,306       WEST 54 STREET,,4479242,Sedan,Sedan,,,,10019
,Following Too Closely,Driver Inattention/Distraction,,,,,2021-11-20T15:10:00,40.76226,-73.75699,0,0,0,0,0,0,0,0,,CROSS ISLAND PARKWAY,4479877,Station Wagon/Sport Utility Vehicle,Station Wagon/Sport Utility Vehicle,,,,
BRONX,Unspecified,Unspecified,,,,WESTCHESTER AVENUE,2021-11-20T15:00:00,40.820057,-73.90086,0,0,0,0,0,0,0,0,,EAST 161 STREET,4479635,Sedan,,,,,10459
QUEENS,Driver Inexperience,Unspecified,,,,43 AVENUE,2021-11-20T15:00:00,40.746098,-73.866425,0,0,0,0,0,0,0,0,,97 PLACE,4479574,Sedan,,,,,11368
STATEN ISLAND,Driver Inattention/Distraction,Unspecified,,,,BEMENT AVENUE,2021-11-20T15:00:00,40.634747,-74.11226,0,0,1,0,0,0,1,0,,CASTLETON AVENUE,4479678,Sedan,Sedan,,,,10310
,Driver Inattention/Distraction,Unspecified,,,,,2021-11-20T14:58:00,40.66645,-73.75764,0,0,1,0,0,0,1,0,,NORTH CONDUIT AVENUE,4480507,Station Wagon/Sport Utility Vehicle,Station Wagon/Sport Utility Vehicle,,,,
,Driver Inattention/Distraction,Unspecified,,,,,2021-11-20T14:50:00,40.694454,-73.99888,0,0,0,0,0,0,0,0,,BROOKLYN QUEENS EXPRESSWAY,4479391,Station Wagon/Sport Utility Vehicle,Tractor Truck Diesel,,,,
BRONX,Unspecified,Unspecified,,,,,2021-11-20T14:50:00,40.821823,-73.915665,0,0,0,0,0,0,0,0,391       EAST 157 STREET,,4479789,Taxi,,,,,10451
MANHATTAN,Driver Inattention/Distraction,Driver Inattention/Distraction,,,,10 AVENUE,2021-11-20T14:35:00,40.863792,-73.91942,1,0,0,0,0,0,1,0,,WEST 206 STREET,4479592,Sedan,E-Bike,,,,10034
,Lane Marking Improper/Inadequate,Unspecified,,,,BORDEN AVENUE,2021-11-20T14:32:00,,,0,0,0,0,0,0,0,0,,VANDAM STREET,4479280,Sedan,Sedan,,,,
QUEENS,Driver Inattention/Distraction,Unspecified,,,,,2021-11-20T14:30:00,40.769962,-73.91942,0,0,0,0,0,0,0,0,26-48     30 STREET,,4480168,Station Wagon/Sport Utility Vehicle,Station Wagon/Sport Utility Vehicle,,,,11102
MANHATTAN,Unspecified,,,,,,2021-11-20T14:20:00,40.735252,-73.99594,0,0,0,0,0,0,0,0,39        WEST 12 STREET,,4479413,Station Wagon/Sport Utility Vehicle,,,,,10011
,Passing or Lane Usage Improper,Unspecified,,,,,2021-11-20T14:15:00,40.843365,-73.91545,0,0,1,0,0,0,1,0,,JEROME AVENUE,4479329,Taxi,Station Wagon/Sport Utility Vehicle,,,,
QUEENS,Following Too Closely,Unspecified,,,,JANET PLACE,2021-11-20T14:10:00,40.75814,-73.83517,0,0,2,0,0,0,2,0,,ROOSEVELT AVENUE,4479259,Station Wagon/Sport Utility Vehicle,Taxi,,,,11354
MANHATTAN,Unspecified,Unspecified,,,,9 AVENUE,2021-11-20T14:07:00,40.75529,-73.99493,0,0,0,0,0,0,0,0,,WEST 37 STREET,4479867,Taxi,,,,,10018
BRONX,Driver Inattention/Distraction,,,,,BARNES AVENUE,2021-11-20T13:54:00,40.89492,-73.85314,0,0,0,0,1,0,1,0,,PITMAN AVENUE,4479560,,,,,,10466
BROOKLYN,Passing Too Closely,Unspecified,,,,,2021-11-20T13:51:00,40.619984,-73.92311,0,0,0,0,0,0,0,0,1550      EAST 54 STREET,,4479229,Station Wagon/Sport Utility Vehicle,,,,,11234
BROOKLYN,Driver Inattention/Distraction,Unspecified,,,,FLATBUSH AVENUE,2021-11-20T13:49:00,40.68405,-73.97746,0,0,0,0,0,0,0,0,,ATLANTIC AVENUE,4479755,Sedan,Sedan,,,,11217
BROOKLYN,Driver Inattention/Distraction,Driver Inattention/Distraction,,,,,2021-11-20T13:45:00,40.725174,-73.951584,0,0,0,0,0,0,0,0,694       MANHATTAN AVENUE,,4479603,Dump,Sedan,,,,11222
QUEENS,Backing Unsafely,Unspecified,,,,,2021-11-20T13:40:00,40.7474,-73.85355,0,0,1,0,0,0,1,0,47-01     111 STREET,,4479572,Station Wagon/Sport Utility Vehicle,Tractor Truck Gasoline,,,,11368
BROOKLYN,Unspecified,,,,,FORT HAMILTON PARKWAY,2021-11-20T13:30:00,40.616985,-74.0275,0,0,0,0,0,0,0,0,,92 STREET,4480348,Sedan,,,,,11209
,Following Too Closely,Unspecified,Unspecified,,,,2021-11-20T13:24:00,,,0,0,2,0,0,0,2,0,,BRONX WHITESTONE BRIDGE,4480097,Station Wagon/Sport Utility Vehicle,Taxi,Station Wagon/Sport Utility Vehicle,,,
QUEENS,Oversized Vehicle,,,,,,2021-11-20T13:00:00,40.765873,-73.72489,0,0,0,0,0,0,0,0,54-44     LITTLE NECK PARKWAY,,4479282,Dump,,,,,11362
BROOKLYN,Backing Unsafely,,,,,,2021-11-20T13:00:00,40.63494,-73.90106,0,0,0,0,0,0,0,0,8916      AVENUE L,,4480295,,,,,,11236
,Traffic Control Disregarded,Unspecified,,,,,2021-11-20T13:00:00,40.638786,-73.94538,0,0,4,0,0,0,4,0,,FOSTER AVENUE,4479419,Station Wagon/Sport Utility Vehicle,Taxi,,,,
BRONX,Driver Inattention/Distraction,Unspecified,,,,,2021-11-20T13:00:00,40.87645,-73.90627,0,0,0,0,0,0,0,0,2861      EXTERIOR STREET,,4480156,Sedan,Sedan,,,,10463
QUEENS,Following Too Closely,Unspecified,,,,LINDEN BOULEVARD,2021-11-20T13:00:00,40.691895,-73.77822,0,0,1,0,0,0,1,0,,172 STREET,4479276,Station Wagon/Sport Utility Vehicle,Sedan,,,,11434
,Unspecified,Unspecified,Unspecified,,,,2021-11-20T13:00:00,40.7531,-73.72422,0,0,0,0,0,0,0,0,,GRAND CENTRAL PKWY,4479468,Station Wagon/Sport Utility Vehicle,Station Wagon/Sport Utility Vehicle,Sedan,,,
QUEENS,Failure to Yield Right-of-Way,Driver Inattention/Distraction,,,,34 STREET,2021-11-20T13:00:00,40.746296,-73.93041,0,0,2,0,0,0,2,0,,43 AVENUE,4479631,Sedan,Station Wagon/Sport Utility Vehicle,,,,11101
QUEENS,Failure to Yield Right-of-Way,Unspecified,,,,210 STREET,2021-11-20T12:45:00,40.716133,-73.75138,0,0,0,0,0,0,0,0,,94 AVENUE,4479222,Sedan,Station Wagon/Sport Utility Vehicle,,,,11428
BROOKLYN,Failure to Yield Right-of-Way,Unspecified,Unspecified,,,ATKINS AVENUE,2021-11-20T12:45:00,40.660797,-73.87183,0,0,0,0,0,0,0,0,,COZINE AVENUE,4479851,Sedan,Station Wagon/Sport Utility Vehicle,Dump,,,11208
MANHATTAN,Unspecified,Unspecified,,,,AVENUE OF THE AMERICAS,2021-11-20T12:35:00,40.73986,-73.995026,0,0,0,0,0,0,0,0,,WEST 18 STREET,4479247,Bus,Station Wagon/Sport Utility Vehicle,,,,10011
MANHATTAN,Unspecified,Unspecified,,,,MORNINGSIDE AVENUE,2021-11-20T12:30:00,40.810993,-73.95429,0,0,2,0,0,0,2,0,,HANCOCK PLACE,4479523,Station Wagon/Sport Utility Vehicle,Taxi,,,,10027
BROOKLYN,Unspecified,Unspecified,,,,ALBEMARLE ROAD,2021-11-20T12:15:00,40.645107,-73.97989,0,0,0,0,0,0,0,0,,MC DONALD AVENUE,4479770,Taxi,,,,,11218
MANHATTAN,Unspecified,,,,,,2021-11-20T12:00:00,40.844162,-73.93958,0,0,0,0,0,0,0,0,636       WEST 172 STREET,,4480197,Ambulance,,,,,10032
BROOKLYN,Fell Asleep,Unspecified,Unspecified,,,SUMPTER STREET,2021-11-20T12:00:00,40.679146,-73.92657,0,0,0,0,0,0,0,0,,FULTON STREET,4479538,Sedan,Sedan,Sedan,,,11233
QUEENS,Passing or Lane Usage Improper,Unspecified,,,,BROADWAY,2021-11-20T11:52:00,40.763416,-73.92844,0,0,0,0,0,0,0,0,,CRESCENT STREET,4480116,Garbage or Refuse,Sedan,,,,11106
QUEENS,Unspecified,Unspecified,,,,145 ROAD,2021-11-20T11:40:00,40.662006,-73.7546,0,0,1,0,0,0,1,0,,225 STREET,4479223,Sedan,Station Wagon/Sport Utility Vehicle,,,,11413
MANHATTAN,Other Vehicular,Driver Inattention/Distraction,,,,MACOMBS PLACE,2021-11-20T11:34:00,40.82803,-73.934845,0,0,0,0,0,0,0,0,,WEST 155 STREET,4479452,Taxi,Sedan,,,,10039
,Driver Inattention/Distraction,,,,,NASSAU BOULEVARD,2021-11-20T11:30:00,40.765625,-73.7244,0,0,0,0,1,0,1,0,,LITTLE NECK PARKWAY,4479227,Station Wagon/Sport Utility Vehicle,,,,,
BRONX,Unspecified,,,,,EAST 234 STREET,2021-11-20T11:30:00,40.893246,-73.85407,0,0,0,0,0,0,0,0,,BARNES AVENUE,4479547,Sedan,,,,,10466
MANHATTAN,Obstruction/Debris,,,,,NAGLE AVENUE,2021-11-20T11:30:00,40.863556,-73.91962,0,0,0,0,0,0,0,0,,10 AVENUE,4479596,Station Wagon/Sport Utility Vehicle,,,,,10034
,Other Vehicular,Driver Inattention/Distraction,,,,,2021-11-20T11:27:00,40.8165,-73.946556,0,0,0,0,0,0,0,0,,WEST 135 STREET,4479246,Box Truck,Sedan,,,,
BROOKLYN,Driver Inattention/Distraction,Unspecified,,,,FORT HAMILTON PARKWAY,2021-11-20T11:26:00,40.643166,-73.9905,0,0,0,0,0,0,0,0,,39 STREET,4479771,Station Wagon/Sport Utility Vehicle,,,,,11218
BROOKLYN,Driver Inattention/Distraction,Unspecified,,,,BAY 29 STREET,2021-11-20T11:17:00,40.60242,-73.99459,0,0,0,0,0,0,0,0,,86 STREET,4479359,Station Wagon/Sport Utility Vehicle,Bus,,,,11214
,Driver Inattention/Distraction,Unspecified,,,,,2021-11-20T11:15:00,,,0,0,0,0,0,0,0,0,,EAST 233 STREET,4479555,Carry All,Sedan,,,,
MANHATTAN,Unspecified,,,,,,2021-11-20T11:02:00,40.753525,-73.994545,0,0,0,0,0,0,0,0,357       WEST 35 STREET,,4479434,Station Wagon/Sport Utility Vehicle,Box Truck,,,,10001
BROOKLYN,Unspecified,Unspecified,,,,20 STREET,2021-11-20T10:58:00,40.66326,-73.99512,0,0,0,0,0,0,0,0,,4 AVENUE,4479216,Station Wagon/Sport Utility Vehicle,Sedan,,,,11232
BRONX,Passing Too Closely,Unspecified,Unspecified,,,,2021-11-20T10:50:00,40.822357,-73.91146,0,0,0,0,0,0,0,0,830       WASHINGTON AVENUE,,4480214,Sedan,Station Wagon/Sport Utility Vehicle,Sedan,,,10451
QUEENS,Failure to Yield Right-of-Way,Unspecified,Unspecified,,,164 STREET,2021-11-20T10:35:00,40.765285,-73.80144,0,0,1,0,0,0,1,0,,35 AVENUE,4479232,Station Wagon/Sport Utility Vehicle,Station Wagon/Sport Utility Vehicle,Station Wagon/Sport Utility Vehicle,,,11358
BROOKLYN,Following Too Closely,Unspecified,,,,AVENUE L,2021-11-20T10:24:00,40.619396,-73.969574,0,0,0,0,0,0,0,0,,OCEAN PARKWAY,4479777,Station Wagon/Sport Utility Vehicle,,,,,11230
QUEENS,Traffic Control Disregarded,Unspecified,,,,58 AVENUE,2021-11-20T10:20:00,40.742573,-73.81608,0,0,1,0,0,0,1,0,,153 STREET,4479233,Sedan,Station Wagon/Sport Utility Vehicle,,,,11355
QUEENS,Unspecified,,,,,,2021-11-20T10:15:00,40.705326,-73.90222,0,0,0,0,0,0,0,0,66-88     FOREST AVENUE,,4480819,Station Wagon/Sport Utility Vehicle,,,,,11385
MANHATTAN,Driver Inattention/Distraction,Unspecified,Unspecified,,,EAST 116 STREET,2021-11-20T10:15:00,40.797,-73.93778,0,0,0,0,0,0,0,0,,2 AVENUE,4479709,Box Truck,Station Wagon/Sport Utility Vehicle,Taxi,,,10029
BRONX,Driver Inexperience,Oversized Vehicle,,,,TIFFANY STREET,2021-11-20T10:11:00,40.809628,-73.890045,0,0,0,0,0,0,0,0,,OAK POINT AVENUE,4479638,Van,Tractor Truck Diesel,,,,10474
BROOKLYN,Unspecified,Unspecified,,,,,2021-11-20T10:05:00,40.663948,-73.93159,0,0,0,0,0,0,0,0,426       UTICA AVENUE,,4479248,Station Wagon/Sport Utility Vehicle,Pick-up Truck,,,,11213
BROOKLYN,Failure to Yield Right-of-Way,Unspecified,Unspecified,Unspecified,,FOSTER AVENUE,2021-11-20T10:00:00,40.64485,-73.911125,0,0,1,0,0,0,1,0,,REMSEN AVENUE,4479215,Station Wagon/Sport Utility Vehicle,Station Wagon/Sport Utility Vehicle,Station Wagon/Sport Utility Vehicle,Station Wagon/Sport Utility Vehicle,,11236
,Failure to Yield Right-of-Way,Unspecified,,,,,2021-11-20T09:59:00,40.698536,-73.91788,1,0,0,0,0,0,1,0,,KNICKERBOCKER AVENUE,4479265,Station Wagon/Sport Utility Vehicle,Bike,,,,
,Unspecified,Unspecified,Unspecified,,,,2021-11-20T09:58:00,40.899616,-73.89357,0,0,0,0,0,0,0,0,,HENRY HUDSON PARKWAY,4479295,Station Wagon/Sport Utility Vehicle,Sedan,Sedan,,,
QUEENS,Unsafe Speed,Unspecified,Unspecified,,,40 AVENUE,2021-11-20T09:55:00,40.755234,-73.941246,0,0,1,0,0,0,1,0,,21 STREET,4480126,Station Wagon/Sport Utility Vehicle,Station Wagon/Sport Utility Vehicle,Sedan,,,11101
BROOKLYN,Glare,,,,,NOSTRAND AVENUE,2021-11-20T09:50:00,40.6884,-73.95118,0,0,0,0,0,0,0,0,,GREENE AVENUE,4479214,Station Wagon/Sport Utility Vehicle,,,,,11216
QUEENS,Failure to Yield Right-of-Way,Unspecified,,,,35 AVENUE,2021-11-20T09:40:00,40.765358,-73.80237,0,0,2,0,0,0,2,0,,163 STREET,4479231,Sedan,Sedan,,,,11358
BROOKLYN,Traffic Control Disregarded,Unspecified,Unspecified,,,PARK AVENUE,2021-11-20T09:35:00,40.697903,-73.9468,0,0,5,0,0,0,5,0,,TOMPKINS AVENUE,4479213,Sedan,Ambulance,Sedan,,,11206
STATEN ISLAND,Unspecified,,,,,,2021-11-20T09:33:00,40.606884,-74.06872,0,0,0,0,0,0,0,0,30        MERLE PLACE,,4479677,Sedan,,,,,10305
BROOKLYN,Unspecified,,,,,11 AVENUE,2021-11-20T09:32:00,40.631504,-74.00296,0,0,0,0,1,0,1,0,,60 STREET,4480892,Station Wagon/Sport Utility Vehicle,,,,,11219
QUEENS,Unspecified,,,,,,2021-11-20T09:30:00,40.752636,-73.90323,0,0,0,0,0,0,0,0,33-41     58 STREET,,4479908,Sedan,,,,,11377
QUEENS,Unspecified,Unspecified,,,,71 AVENUE,2021-11-20T09:20:00,40.71201,-73.84994,0,0,0,0,0,0,0,0,,MANSE STREET,4479964,Station Wagon/Sport Utility Vehicle,Sedan,,,,11375
BROOKLYN,Lost Consciousness,Unspecified,Unspecified,,,,2021-11-20T09:20:00,40.655487,-73.88422,0,0,1,0,0,0,1,0,195       COZINE AVENUE,,4480468,Station Wagon/Sport Utility Vehicle,Station Wagon/Sport Utility Vehicle,Station Wagon/Sport Utility Vehicle,,,11207
QUEENS,Driver Inattention/Distraction,Unspecified,,,,80 STREET,2021-11-20T09:14:00,40.66243,-73.853386,0,0,0,0,0,0,0,0,,156 AVENUE,4479662,Station Wagon/Sport Utility Vehicle,Sedan,,,,11414
,Other Vehicular,Other Vehicular,,,,,2021-11-20T09:14:00,40.692856,-73.78531,0,0,0,0,0,0,0,0,,111 AVENUE,4479207,Sedan,Station Wagon/Sport Utility Vehicle,,,,
,Driver Inattention/Distraction,Unspecified,,,,,2021-11-20T09:00:00,40.74413,-73.927055,0,0,0,0,0,0,0,0,,38 STREET,4479268,Station Wagon/Sport Utility Vehicle,,,,,
QUEENS,Failure to Yield Right-of-Way,Driver Inattention/Distraction,,,,39 AVENUE,2021-11-20T08:52:00,40.75475,-73.93678,1,0,0,0,0,0,1,0,,CRESCENT STREET,4479728,Sedan,Bike,,,,11101
,Failure to Yield Right-of-Way,Unspecified,,,,,2021-11-20T08:50:00,40.662357,-73.73517,0,0,0,0,0,0,0,0,,MEMPHIS AVENUE,4479234,Sedan,Sedan,,,,
BROOKLYN,Driver Inexperience,Unspecified,Unspecified,,,,2021-11-20T08:45:00,40.714996,-73.94954,0,0,0,0,0,0,0,0,601       LORIMER STREET,,4479601,Sedan,Sedan,Sedan,,,11211
BRONX,Alcohol Involvement,Unspecified,,,,EAST 153 STREET,2021-11-20T08:40:00,40.82049,-73.92266,0,0,3,0,0,0,3,0,,PARK AVENUE,4479785,Sedan,Station Wagon/Sport Utility Vehicle,,,,10451
,Glare,Unspecified,,,,HUDSON PARKWAY,2021-11-20T08:36:00,,,0,0,0,0,0,0,0,0,,WEST 246 STREET,4479294,Station Wagon/Sport Utility Vehicle,Station Wagon/Sport Utility Vehicle,,,,
MANHATTAN,Unspecified,,,,,LEXINGTON AVENUE,2021-11-20T08:34:00,40.77364,-73.95986,0,0,0,0,0,0,0,0,,EAST 77 STREET,4479752,Sedan,,,,,10075
QUEENS,Driver Inattention/Distraction,Unspecified,,,,,2021-11-20T08:25:00,40.77496,-73.913704,1,0,0,0,0,0,1,0,29-05     23 AVENUE,,4479727,Sedan,Bike,,,,11105
BRONX,Traffic Control Disregarded,Traffic Control Disregarded,Unspecified,Unspecified,,,2021-11-20T08:14:00,40.87996,-73.85928,0,0,0,0,0,0,0,0,868       EAST 216 STREET,,4479546,Sedan,Sedan,Sedan,Sedan,,10467
,Fell Asleep,,,,,,2021-11-20T08:10:00,,,0,0,1,0,0,0,1,0,,CROSS ISLAND PARKWAY,4479194,Station Wagon/Sport Utility Vehicle,,,,,
BRONX,Unspecified,,,,,BAILEY AVENUE,2021-11-20T08:00:00,40.865345,-73.90849,0,0,0,0,0,0,0,0,,SEDGWICK AVENUE,4480141,Station Wagon/Sport Utility Vehicle,,,,,10468
QUEENS,Other Vehicular,Unspecified,,,,SUTPHIN BOULEVARD,2021-11-20T07:24:00,40.68747,-73.794785,0,0,0,0,0,0,0,0,,112 AVENUE,4479183,Sedan,,,,,11435
BRONX,Unspecified,,,,,,2021-11-20T07:13:00,40.834682,-73.86635,0,0,0,0,0,0,0,0,1810      CROSS BRONX EXPRESSWAY,,4479382,Box Truck,,,,,10472
BROOKLYN,Unspecified,,,,,,2021-11-20T07:12:00,40.712357,-73.92708,0,0,0,0,0,0,0,0,525       STAGG STREET,,4479252,Sedan,,,,,11237
BRONX,Reaction to Uninvolved Vehicle,Unspecified,Unspecified,,,,2021-11-20T07:12:00,40.853226,-73.8566,0,0,1,0,0,0,1,0,1083      NEILL AVENUE,,4479189,Station Wagon/Sport Utility Vehicle,Station Wagon/Sport Utility Vehicle,Sedan,,,10461
BROOKLYN,Passing Too Closely,Unspecified,,,,,2021-11-20T07:05:00,40.679253,-73.99742,0,0,0,0,0,0,0,0,432       COURT STREET,,4479812,Pick-up Truck,,,,,11231
BROOKLYN,Following Too Closely,Unspecified,,,,,2021-11-20T07:00:00,40.608643,-73.96755,1,0,0,0,0,0,1,0,1640      OCEAN PARKWAY,,4479756,Bike,,,,,11223
,Driver Inexperience,,,,,,2021-11-20T06:50:00,40.755516,-73.961105,0,0,1,0,0,0,1,0,,FDR DRIVE,4479761,Sedan,,,,,
,Unspecified,Unspecified,Unspecified,Unspecified,,,2021-11-20T06:40:00,40.820145,-73.890656,0,0,1,0,0,0,1,0,,BRUCKNER EXPRESSWAY,4479639,Station Wagon/Sport Utility Vehicle,Station Wagon/Sport Utility Vehicle,Station Wagon/Sport Utility Vehicle,Station Wagon/Sport Utility Vehicle,,
,Following Too Closely,Unspecified,Unspecified,,,linden boulevard,2021-11-20T06:25:00,,,0,0,0,0,0,0,0,0,,avenue D,4479211,Sedan,Sedan,Station Wagon/Sport Utility Vehicle,,,
BRONX,Unspecified,Unspecified,,,,PELHAM PARKWAY,2021-11-20T06:20:00,40.859245,-73.81814,0,0,0,0,0,0,0,0,,SHORE ROAD,4479370,Sedan,Sedan,,,,10464
,Passing or Lane Usage Improper,Unspecified,Unspecified,,,,2021-11-20T06:16:00,40.753407,-73.852356,0,0,1,0,0,0,1,0,,GRAND CENTRAL PKWY,4479569,Sedan,Sedan,Station Wagon/Sport Utility Vehicle,,,
QUEENS,Reaction to Uninvolved Vehicle,Unspecified,Unspecified,Unspecified,,BEACH 14 STREET,2021-11-20T06:00:00,40.59527,-73.748215,0,0,0,0,0,0,0,0,,SEAGIRT BOULEVARD,4480536,Station Wagon/Sport Utility Vehicle,Sedan,Sedan,Sedan,,11691
BROOKLYN,Alcohol Involvement,Unspecified,,,,,2021-11-20T06:00:00,40.693188,-73.9715,0,0,0,0,0,0,0,0,368       MYRTLE AVENUE,,4479904,Sedan,Sedan,,,,11205
QUEENS,Unspecified,Unspecified,,,,,2021-11-20T06:00:00,40.76958,-73.9156,0,0,0,0,0,0,0,0,34-16     ASTORIA BOULEVARD,,4480170,Pick-up Truck,Station Wagon/Sport Utility Vehicle,,,,11103
BROOKLYN,Driver Inattention/Distraction,,,,,,2021-11-20T05:50:00,40.718304,-73.96388,0,0,0,0,1,0,1,0,175       KENT AVENUE,,4479604,Garbage or Refuse,,,,,11249
QUEENS,Driver Inattention/Distraction,Unspecified,Unspecified,,,,2021-11-20T05:47:00,40.693035,-73.83737,0,0,1,0,0,0,1,0,91-21     109 STREET,,4479237,Station Wagon/Sport Utility Vehicle,Station Wagon/Sport Utility Vehicle,Sedan,,,11418
QUEENS,Driver Inattention/Distraction,Unspecified,Unspecified,,,47 AVENUE,2021-11-20T05:17:00,40.742443,-73.93023,0,0,0,0,0,0,0,0,,35 STREET,4479267,Station Wagon/Sport Utility Vehicle,Sedan,Sedan,,,11101
,Driver Inattention/Distraction,Driver Inattention/Distraction,,,,SHERIDAN EXPRESSWAY,2021-11-20T05:15:00,,,1,0,0,0,0,0,1,0,,WESTCHESTER AVENUE,4479486,Station Wagon/Sport Utility Vehicle,Bike,,,,
,Animals Action,,,,,,2021-11-20T05:07:00,40.547733,-74.15606,0,0,2,0,0,0,2,0,,AMBOY ROAD,4479302,Station Wagon/Sport Utility Vehicle,,,,,
BRONX,Unspecified,Unspecified,,,,,2021-11-20T04:34:00,40.84257,-73.85253,0,0,0,0,0,0,0,0,2425      EAST TREMONT AVENUE,,4479188,Sedan,Sedan,,,,10461
,Driver Inattention/Distraction,Unspecified,,,,,2021-11-20T04:30:00,40.65463,-73.92201,0,0,0,0,0,0,0,0,,KINGS HIGHWAY,4479418,Sedan,Bike,,,,
BROOKLYN,Passing or Lane Usage Improper,Unspecified,,,,,2021-11-20T04:25:00,40.682823,-73.976585,0,0,0,0,0,0,0,0,166       FLATBUSH AVENUE,,4479763,Sedan,Sedan,,,,11217
QUEENS,Traffic Control Disregarded,Unspecified,,,,32 AVENUE,2021-11-20T04:07:00,40.768776,-73.792465,0,0,0,0,0,0,0,0,,UTOPIA PARKWAY,4479228,Sedan,Sedan,,,,11358
,Driver Inattention/Distraction,Unspecified,,,,,2021-11-20T04:05:00,40.837894,-73.88138,0,0,0,0,0,0,0,0,,CROSS BRONX EXPY,4479808,Sedan,Pick-up Truck,,,,
,Driver Inattention/Distraction,,,,,,2021-11-20T04:04:00,40.866726,-73.89799,0,0,2,0,0,0,2,0,,JEROME AVENUE,4479201,Taxi,,,,,
QUEENS,Unspecified,,,,,,2021-11-20T04:04:00,40.7652,-73.91395,0,0,0,0,1,0,1,0,28-44     STEINWAY STREET,,4479722,Sedan,,,,,11103
BROOKLYN,Passing Too Closely,Unspecified,,,,,2021-11-20T04:03:00,40.71006,-73.924,0,0,0,0,0,0,0,0,230       RANDOLPH STREET,,4479442,Station Wagon/Sport Utility Vehicle,,,,,11237
,Unsafe Speed,,,,,,2021-11-20T03:50:00,40.804745,-73.91194,0,0,0,0,2,0,2,0,,MAJOR DEEGAN EXPRESSWAY,4479788,Station Wagon/Sport Utility Vehicle,,,,,
MANHATTAN,Unspecified,,,,,MONTGOMERY STREET,2021-11-20T03:25:00,40.712353,-73.984955,0,0,0,0,0,0,0,0,,MONROE STREET,4479196,Taxi,,,,,10002
QUEENS,Traffic Control Disregarded,Unspecified,,,,20 AVENUE,2021-11-20T03:25:00,40.781677,-73.83871,0,0,0,0,0,0,0,0,,130 STREET,4479258,Station Wagon/Sport Utility Vehicle,Station Wagon/Sport Utility Vehicle,,,,11356
BRONX,Driver Inattention/Distraction,,,,,,2021-11-20T03:20:00,40.84664,-73.89606,0,0,0,0,1,0,1,0,531       EAST TREMONT AVENUE,,4479821,,,,,,10457
QUEENS,Physical Disability,Unspecified,,,,,2021-11-20T03:20:00,,,0,0,0,0,0,0,0,0,30-46     86 STREET,,4479175,Station Wagon/Sport Utility Vehicle,Station Wagon/Sport Utility Vehicle,,,,11369
QUEENS,Unspecified,Unspecified,,,,,2021-11-20T03:20:00,40.758675,-73.87537,0,0,0,0,0,0,0,0,93-01     32 AVENUE,,4479174,Station Wagon/Sport Utility Vehicle,Station Wagon/Sport Utility Vehicle,,,,11369
,Driver Inattention/Distraction,Driver Inattention/Distraction,,,,,2021-11-20T03:00:00,,,0,0,0,0,0,0,0,0,,LEXINGTON AVENUE,4480103,Sedan,Sedan,,,,
BROOKLYN,Passing Too Closely,Unspecified,,,,EAST 95 STREET,2021-11-20T02:53:00,40.643215,-73.90306,0,0,0,0,0,0,0,0,,CONKLIN AVENUE,4479403,Sedan,Station Wagon/Sport Utility Vehicle,,,,11236
BRONX,Failure to Yield Right-of-Way,Unspecified,Unspecified,Unspecified,,MARION AVENUE,2021-11-20T02:50:00,40.863647,-73.8918,0,0,0,0,0,0,0,0,,EAST 193 STREET,4479924,Sedan,Station Wagon/Sport Utility Vehicle,Sedan,Taxi,,10458
,Following Too Closely,Unspecified,,,,,2021-11-20T02:30:00,,,0,0,0,0,0,0,0,0,,NASSAU EXPRESSWAY,4479681,Sedan,,,,,
,Unspecified,Unspecified,,,,,2021-11-20T02:30:00,40.598553,-73.997345,0,0,0,0,0,0,0,0,,BATH AVENUE,4480440,Sedan,,,,,
,Driver Inattention/Distraction,Driver Inattention/Distraction,,,,,2021-11-20T02:30:00,40.761658,-73.986565,0,0,1,0,0,0,1,0,,WEST 49 STREET,4480100,Station Wagon/Sport Utility Vehicle,Sedan,,,,
QUEENS,Fell Asleep,Unspecified,Unspecified,Unspecified,,98 PLACE,2021-11-20T02:30:00,40.74335,-73.86369,0,0,0,0,0,0,0,0,,ALSTYNE AVENUE,4479570,Sedan,Station Wagon/Sport Utility Vehicle,Station Wagon/Sport Utility Vehicle,Station Wagon/Sport Utility Vehicle,,11368
BROOKLYN,Driver Inattention/Distraction,Unspecified,,,,,2021-11-20T02:11:00,40.656643,-73.930565,0,0,0,0,0,0,0,0,835       CLARKSON AVENUE,,4479745,Sedan,Sedan,,,,11203
BROOKLYN,Animals Action,Unspecified,Unspecified,Unspecified,,,2021-11-20T02:10:00,40.61763,-74.03504,0,0,0,0,0,0,0,0,221       95 STREET,,4479167,Sedan,Station Wagon/Sport Utility Vehicle,Sedan,Station Wagon/Sport Utility Vehicle,,11209
BROOKLYN,Unspecified,,,,,,2021-11-20T02:00:00,40.681465,-73.86592,0,0,0,0,0,0,0,0,387       ELDERTS LANE,,4479850,Station Wagon/Sport Utility Vehicle,,,,,11208
,Obstruction/Debris,Following Too Closely,,,,,2021-11-20T01:35:00,40.73973,-73.81762,0,0,0,0,0,0,0,0,,LONG ISLAND EXPRESSWAY,4479186,Sedan,Station Wagon/Sport Utility Vehicle,Station Wagon/Sport Utility Vehicle,,,
,Driver Inattention/Distraction,Unspecified,,,,,2021-11-20T01:30:00,40.839767,-73.905396,0,0,0,0,0,0,0,0,,WEBSTER AVENUE,4480072,Taxi,Sedan,,,,
STATEN ISLAND,Driver Inexperience,Unspecified,,,,NAHANT STREET,2021-11-20T01:30:00,40.55858,-74.14755,0,0,0,0,0,0,0,0,,GREAVES AVENUE,4479191,Sedan,Sedan,,,,10308
QUEENS,Unspecified,Unspecified,,,,,2021-11-20T01:27:00,40.70203,-73.91086,0,0,0,0,0,0,0,0,1676      LINDEN STREET,,4479527,Sedan,Sedan,,,,11385
,Unsafe Speed,Unspecified,,,,,2021-11-20T01:10:00,40.81322,-73.897835,0,0,0,0,0,0,0,0,,BRUCKNER EXPRESSWAY,4479283,Sedan,,,,,
BRONX,Unspecified,Unspecified,,,,,2021-11-20T01:00:00,40.87986,-73.84863,0,0,0,0,0,0,0,0,1491      NEEDHAM AVENUE,,4479551,Station Wagon/Sport Utility Vehicle,,,,,10469
BROOKLYN,Unspecified,Unspecified,,,,,2021-11-20T01:00:00,40.674732,-73.87253,0,0,0,0,0,0,0,0,97        DOSCHER STREET,,4479832,Station Wagon/Sport Utility Vehicle,,,,,11208
,Passenger Distraction,Unspecified,,,,,2021-11-20T00:54:00,40.74026,-74.005875,0,0,0,0,0,0,0,0,,WEST 13 STREET,4479401,Sedan,Taxi,,,,
,Driver Inattention/Distraction,Unspecified,,,,,2021-11-20T00:47:00,40.767612,-73.927826,0,0,0,0,0,0,1,0,,23 STREET,4479168,Sedan,E-Bike,,,,
MANHATTAN,Unspecified,,,,,,2021-11-20T00:20:00,40.705982,-74.01527,0,0,0,0,0,0,0,0,28        WASHINGTON STREET,,4479180,Sedan,,,,,10004
BROOKLYN,Unspecified,,,,,NOSTRAND AVENUE,2021-11-20T00:20:00,40.59592,-73.941025,0,0,1,0,0,0,1,0,,AVENUE W,4479317,Sedan,Station Wagon/Sport Utility Vehicle,,,,11229
BRONX,Fell Asleep,Unspecified,,,,ZEREGA AVENUE,2021-11-20T00:15:00,40.835648,-73.845604,0,0,0,0,0,0,0,0,,HALSEY STREET,4479369,Station Wagon/Sport Utility Vehicle,Station Wagon/Sport Utility Vehicle,,,,10461
QUEENS,Unsafe Speed,Unspecified,,,,,2021-11-20T00:10:00,40.68765,-73.83977,0,0,0,0,0,0,0,0,97-42     104 STREET,,4479715,Station Wagon/Sport Utility Vehicle,Sedan,,,,11416
,Driver Inattention/Distraction,Unspecified,,,,,2021-11-20T00:08:00,40.59864,-74.13884,0,0,0,0,0,0,0,0,24        DOROTHY STREET,,4479881,Station Wagon/Sport Utility Vehicle,Sedan,,,,
QUEENS,Traffic Control Disregarded,Unspecified,,,,DUNKIRK DRIVE,2021-11-20T00:05:00,40.692566,-73.763954,0,0,1,0,0,0,1,0,,MEXICO STREET,4479718,Station Wagon/Sport Utility Vehicle,Station Wagon/Sport Utility Vehicle,,,,11412
MANHATTAN,Unspecified,,,,,,2021-11-20T00:00:00,40.846947,-73.93848,0,0,0,0,0,0,0,0,700       WEST 176 STREET,,4480183,Station Wagon/Sport Utility Vehicle,,,,,10033
MANHATTAN,Backing Unsafely,Unspecified,,,,,2021-11-20T00:00:00,40.756207,-73.99136,0,0,0,0,0,0,0,0,310       WEST 40 STREET,,4479868,Sedan,Station Wagon/Sport Utility Vehicle,,,,10018
